id,battery_power,bluetooth,clock_speed,dual_sim,fc,four_g,int_memory,m_dep,mobile_wt,n_cores,pc,px_height,px_width,ram,sc_h,sc_w,talk_time,three_g,touch_screen,wifi,price_range
1,807,1,0.5,1,0,0,37,0.2,127,4,0,245,829,2319,5,4,4,0,0,0,1
2,1065,1,0.5,0,0,1,14,0.7,89,2,2,188,928,3078,10,1,18,1,0,1,2
3,1171,1,1.7,1,2,0,19,0.3,167,7,19,248,755,263,6,5,8,0,0,0,0
4,609,1,3.0,0,15,1,44,0.3,117,1,16,58,1253,2581,15,11,15,1,0,1,1
5,1193,1,2.3,0,7,0,20,1.0,158,7,13,1442,1904,1958,7,5,2,1,0,0,2
6,1417,1,2.7,0,2,1,56,0.9,114,6,4,494,1649,590,11,3,6,1,0,1,0
7,1456,1,0.5,1,7,0,7,0.4,105,5,12,823,1104,1587,6,5,20,1,0,1,1
8,1742,1,1.6,0,3,0,49,0.8,100,1,9,1134,1469,1947,5,4,6,1,0,1,2
9,675,0,2.3,0,10,0,60,0.9,144,5,15,192,757,1735,7,0,13,1,0,1,0
10,642,1,0.5,0,0,1,38,0.8,86,5,10,887,1775,435,9,2,2,1,1,0,0
11,1077,0,2.5,1,0,1,45,1.0,174,3,4,897,1304,1965,6,2,6,1,1,0,1
12,1685,0,0.6,0,14,0,16,0.6,137,7,15,120,1429,881,6,3,17,0,1,1,0
13,1370,0,1.4,0,5,1,6,0.2,158,6,8,1392,1783,3703,13,10,11,1,1,0,3
14,1753,0,0.5,1,0,1,31,0.1,134,1,18,1590,1926,1324,17,0,17,1,0,1,2
15,1063,0,2.0,0,0,0,27,0.2,86,6,7,201,582,2668,12,5,19,0,0,0,2
16,1027,1,2.2,0,0,0,63,0.8,102,5,4,152,714,1732,8,5,13,0,1,1,1
17,1281,1,2.8,1,3,1,8,0.3,144,4,19,590,954,1851,8,2,9,1,1,0,1
18,1694,0,1.8,0,0,0,53,1.0,186,6,0,1194,1208,1653,7,5,6,1,0,0,2
19,1461,0,2.4,1,3,1,40,0.5,141,7,4,1265,1298,3799,16,1,4,1,0,0,3
20,1008,0,2.5,0,3,0,36,1.0,109,1,14,825,1972,1083,6,4,6,0,0,0,1
21,1432,1,1.7,1,6,1,39,0.3,164,4,18,209,947,504,14,4,10,1,1,0,0
22,1709,1,2.1,0,1,0,13,1.0,156,2,2,974,1385,3283,17,1,15,1,0,0,3
23,1328,1,0.5,0,5,1,27,0.3,144,3,18,602,1156,2674,7,2,5,1,0,1,2
24,1778,0,0.5,0,0,0,15,0.5,102,3,0,1445,1954,1214,5,0,14,1,0,0,1
25,1162,0,2.0,0,0,1,56,0.7,114,7,1,56,997,1652,5,0,20,1,0,0,1
26,1809,0,0.5,0,6,0,23,0.7,123,6,19,433,1661,2784,12,6,20,1,1,1,3
27,561,1,2.1,1,7,1,2,0.1,193,3,13,1055,1294,665,10,0,4,1,1,0,0
28,1330,1,1.3,1,14,0,3,0.3,83,5,17,980,1262,463,14,6,11,0,0,1,0
29,911,0,1.4,1,3,0,14,0.7,199,4,4,1563,1692,2933,16,3,11,0,1,0,3
30,1713,0,3.0,1,5,1,20,0.9,104,7,17,237,890,971,11,10,10,1,0,0,0
31,1974,0,1.0,0,4,0,24,0.3,80,7,13,250,545,861,7,4,6,1,0,1,0
32,582,0,0.5,0,8,0,32,0.7,107,3,11,1043,1702,2977,6,1,20,0,1,1,2
33,1189,1,2.3,0,13,0,8,0.5,198,3,14,379,932,893,9,6,13,1,1,0,0
34,1433,0,1.6,0,7,0,4,0.7,133,8,11,281,799,258,11,9,4,1,1,1,0
35,1349,1,2.1,1,3,0,46,0.9,134,6,12,212,623,2367,11,7,10,1,0,1,1
36,708,0,1.9,0,0,0,26,0.3,116,7,1,206,620,1419,10,6,16,1,1,1,0
37,1027,1,0.8,0,7,0,18,1.0,146,7,11,338,534,1234,7,4,14,1,0,1,0
38,802,0,0.5,1,3,0,43,0.6,153,5,6,527,734,3063,17,13,4,0,1,0,2
39,804,1,0.8,1,12,1,41,0.9,89,1,13,709,818,2027,11,5,11,1,0,0,1
40,510,0,1.7,1,3,0,35,0.8,120,3,6,382,1228,2509,17,2,11,0,1,1,1
41,1433,1,2.3,0,8,1,27,0.9,153,7,12,1619,1651,3900,18,16,2,1,0,1,3
42,1569,1,1.6,1,4,1,54,0.9,190,4,6,371,665,3905,6,2,4,1,0,0,3
43,1110,0,1.5,0,2,1,12,0.3,153,8,5,961,1950,624,9,7,15,1,0,0,0
44,1689,1,0.5,0,11,0,9,0.5,150,5,15,467,675,2637,8,4,3,1,0,0,2
45,1595,1,2.6,0,7,0,12,0.3,121,8,19,344,655,3608,15,1,16,0,1,0,3
46,1735,0,1.8,1,16,0,34,0.1,140,2,17,149,876,2392,17,15,19,1,0,1,2
47,986,1,1.5,0,1,1,23,0.8,183,8,3,471,800,2385,16,9,19,1,0,0,1
48,1049,1,2.2,0,9,0,63,0.5,135,5,17,199,1077,1022,11,3,13,0,0,0,0
49,595,0,2.6,0,0,1,20,0.4,122,2,18,623,816,1593,19,11,2,1,0,1,0
50,1995,1,1.9,0,6,0,9,0.8,139,6,18,1830,1963,1203,14,12,18,1,1,1,2
51,1430,1,0.9,0,3,0,56,0.1,179,3,5,569,906,752,17,8,17,0,0,1,0
52,1724,1,1.8,0,0,1,9,0.8,100,2,1,655,828,3056,18,16,6,1,0,0,3
53,1558,1,2.5,0,2,1,32,0.1,114,5,3,322,1385,878,16,5,17,1,1,1,0
54,1831,0,1.4,1,2,0,43,0.9,150,5,5,611,1381,3834,17,7,13,1,1,1,3
55,594,1,2.6,0,1,0,27,0.1,196,5,2,407,528,708,17,5,17,0,1,1,0
56,559,1,0.5,0,10,0,11,0.4,82,5,14,541,823,2019,10,4,16,1,1,1,1
57,1195,0,2.0,1,1,1,23,0.1,82,4,9,163,1100,980,13,9,17,1,0,0,0
58,1330,0,1.1,0,11,0,37,0.7,126,7,20,1103,1637,2166,10,1,4,1,0,0,2
59,1562,0,0.5,1,1,1,20,0.8,172,8,10,678,1676,3465,16,11,6,1,1,0,3
60,820,0,0.5,1,2,0,58,0.3,160,4,4,468,694,1284,17,7,17,0,0,1,0
61,823,1,2.7,1,13,0,60,0.5,148,8,19,822,1449,905,14,11,17,1,1,1,0
62,1922,0,0.5,0,15,1,42,0.6,153,8,16,725,1882,3564,12,1,17,1,0,0,3
63,1986,0,2.7,1,3,1,64,0.2,162,4,20,236,1520,1377,5,3,15,1,1,1,1
64,1661,1,1.4,0,0,0,29,0.3,119,2,0,536,861,591,9,2,9,1,1,1,0
65,871,0,0.6,0,2,0,52,0.1,178,3,3,194,1437,437,14,7,17,1,0,0,0
66,1254,1,2.3,0,0,1,44,0.2,149,1,10,204,1021,3011,7,4,12,1,1,0,2
67,1299,0,2.8,1,2,0,60,0.8,187,8,6,1333,1838,1412,13,1,20,0,1,1,1
68,1447,0,0.5,0,3,0,40,0.7,184,2,5,963,1062,471,8,4,20,0,0,1,0
69,852,0,1.0,1,4,1,62,0.7,104,7,13,293,1159,2253,17,4,7,1,1,0,1
70,1039,0,0.6,0,5,1,6,0.1,136,6,8,62,544,3212,15,7,7,1,0,1,2
71,1577,0,1.0,1,0,1,64,0.1,105,3,7,116,1432,2967,7,3,7,1,1,1,3
72,1566,1,0.5,1,0,0,20,0.5,126,2,0,1603,1930,659,14,9,13,1,1,1,1
73,1356,0,2.8,0,0,0,29,0.5,198,6,0,1612,1983,3702,17,0,19,0,0,0,3
74,1813,1,0.6,1,0,1,5,0.2,198,3,8,338,1306,759,9,3,14,1,1,0,0
75,1240,0,1.6,0,0,0,39,0.1,146,2,9,1511,1756,3260,13,1,17,0,0,1,3
76,1918,0,2.8,0,1,0,22,0.3,139,1,5,381,1203,1369,9,6,6,0,1,1,1
77,1408,1,2.1,1,10,0,45,0.9,89,5,14,613,1088,3952,8,6,3,0,0,1,3
78,523,0,2.6,1,1,0,14,0.1,155,8,2,304,1042,1427,9,1,9,0,1,0,0
79,1762,1,2.7,1,13,1,25,0.9,189,1,14,300,527,1896,14,10,20,1,1,1,1
80,1276,1,2.9,1,2,0,53,0.3,130,2,3,217,735,3798,19,10,8,1,1,1,3
81,1587,1,0.5,0,0,0,50,0.9,148,8,15,299,874,461,17,4,4,1,0,1,0
82,1236,0,0.9,1,2,1,57,0.1,188,1,14,517,809,1406,14,12,20,1,0,1,0
83,514,1,2.9,1,5,0,18,0.7,141,2,8,1083,1492,980,13,7,16,0,0,1,0
84,1083,1,2.9,1,1,1,39,1.0,173,8,2,523,542,3248,8,6,6,1,0,1,2
85,1216,0,3.0,0,4,0,47,0.4,199,3,7,1852,1967,2268,13,5,4,0,1,1,2
86,1127,1,2.9,1,5,1,57,0.8,163,1,13,928,1049,2048,11,5,17,1,1,1,1
87,1263,1,2.0,0,0,0,5,0.4,146,6,3,954,1609,1958,9,6,4,1,1,1,2
88,1271,0,0.5,1,2,0,54,0.1,159,8,3,613,650,990,14,11,6,0,1,1,0
89,1412,0,0.6,0,9,0,57,0.2,86,3,10,2,660,1853,15,10,18,0,0,1,1
90,783,0,1.8,1,0,1,43,1.0,106,3,4,1198,1471,2016,16,4,18,1,1,0,1
91,1970,0,1.6,1,11,1,58,0.3,80,8,19,654,882,2372,14,12,2,1,1,0,2
92,915,1,0.5,1,9,1,33,0.3,199,2,16,503,986,2156,7,3,13,1,1,0,1
93,977,1,2.8,1,2,0,35,0.6,165,2,15,1502,1862,3714,19,3,10,0,1,1,3
94,1551,0,1.1,0,4,0,51,0.1,88,5,6,1738,1995,3844,11,8,4,0,1,0,3
95,1193,0,0.9,0,11,0,26,0.5,166,1,20,730,1729,536,17,14,4,1,0,1,0
96,1721,1,0.5,1,4,1,33,0.5,128,4,5,871,1048,707,19,2,5,1,1,1,0
97,1369,1,1.7,1,3,0,28,0.6,108,1,18,1451,1469,3206,16,15,4,0,0,0,3
98,654,1,1.3,0,0,1,52,0.7,196,4,4,1715,1898,1036,17,4,13,1,0,0,1
99,808,0,1.9,0,7,0,20,0.8,185,6,14,496,974,1471,13,4,11,0,1,0,0
100,718,0,2.8,0,10,0,59,0.8,113,6,13,1185,1387,1824,11,9,3,1,1,0,1
101,1537,0,2.9,0,11,1,46,0.8,158,4,17,686,1305,2857,17,14,2,1,1,1,3
102,1335,1,3.0,0,3,0,60,0.8,180,2,4,83,559,3615,5,2,9,1,0,0,3
103,805,1,1.7,1,0,1,58,0.9,168,3,10,81,1544,3397,7,6,2,1,0,0,2
104,1583,1,2.1,1,11,0,14,0.7,148,7,16,942,1651,1704,17,13,2,1,0,1,2
105,1776,1,2.1,1,10,0,35,0.1,172,4,16,278,623,1813,16,13,20,1,1,1,1
106,714,1,2.1,1,5,1,11,0.1,197,3,6,1750,1857,1164,15,12,19,1,1,0,1
107,767,0,1.5,0,4,0,28,0.7,175,4,10,344,1517,527,10,0,15,0,1,0,0
108,1868,1,0.5,0,2,1,40,0.9,179,8,17,576,884,298,8,2,17,1,1,0,0
109,1504,0,1.9,1,7,1,25,0.3,152,4,9,395,1853,1788,13,11,13,1,0,1,1
110,1108,0,1.0,0,3,0,49,0.7,140,5,12,1298,1666,3254,12,0,16,1,0,0,3
111,1545,0,1.3,1,15,1,35,0.1,173,5,20,115,1352,3197,14,9,6,1,0,1,3
112,1395,1,2.8,0,0,1,55,0.6,118,3,1,782,1787,3373,11,2,16,1,1,0,3
113,1039,1,2.7,0,11,0,56,0.3,125,8,13,497,618,3105,14,8,5,0,1,1,2
114,1332,0,0.8,1,2,0,11,0.5,187,2,4,758,1165,1285,5,0,9,1,1,0,1
115,1213,1,0.5,0,0,0,16,0.5,108,5,0,226,1248,2700,12,3,9,0,0,1,2
116,1454,0,1.4,1,8,0,37,0.8,80,8,20,903,910,1713,16,0,19,0,0,0,1
117,1270,1,0.6,1,2,1,32,0.5,101,7,6,299,845,3770,5,3,13,1,1,0,3
118,1062,1,2.5,1,6,0,10,0.9,160,1,13,1596,1807,3803,7,3,16,0,0,1,3
119,1653,0,0.5,1,2,1,37,0.9,176,4,6,447,1785,3955,19,4,18,1,1,1,3
120,587,1,2.5,0,16,1,51,0.6,111,1,17,244,1361,2746,10,4,7,1,0,1,2
121,1584,1,1.3,0,6,0,41,0.6,135,4,15,160,1291,1561,10,5,17,0,0,1,1
122,671,0,2.9,0,7,1,2,0.1,95,6,19,614,1617,2278,13,4,2,1,0,0,2
123,829,0,0.5,0,0,0,56,0.6,129,7,1,91,1916,820,12,6,11,1,0,1,0
124,1945,0,1.2,0,3,0,26,0.7,112,6,5,1064,1540,3322,18,7,20,0,0,1,3
125,1968,0,0.9,0,0,0,22,0.8,115,3,7,861,1259,2323,9,8,7,0,0,1,2
126,1193,1,3.0,0,10,0,56,0.4,196,3,17,674,864,2394,19,11,14,1,1,0,2
127,553,1,2.2,1,0,1,18,0.7,136,2,1,1287,1892,3300,12,10,20,1,0,0,3
128,1270,1,2.3,0,0,0,58,0.5,104,5,1,1512,1716,3299,13,4,16,0,0,1,3
129,893,0,2.5,1,0,0,55,0.6,183,2,1,417,946,2986,7,1,6,0,1,1,2
130,1600,0,2.5,1,1,0,19,0.6,88,6,9,831,1713,1179,10,3,18,0,0,1,1
131,1266,0,2.6,0,1,0,18,0.4,86,7,2,1187,1595,398,16,8,3,1,1,1,0
132,955,0,0.5,1,4,0,43,0.9,143,5,8,1248,1511,1432,12,9,9,1,1,1,1
133,1732,1,1.1,0,4,1,12,0.8,119,8,9,824,881,1308,16,7,11,1,0,1,1
134,1893,1,2.1,1,8,0,63,0.2,134,2,11,637,763,3822,14,3,18,0,1,1,3
135,1533,1,1.1,1,18,1,17,0.3,160,4,20,1054,1393,2520,8,2,11,1,0,1,2
136,1892,1,0.7,0,5,0,47,0.4,110,4,10,1399,1564,2172,17,14,3,1,1,1,2
137,618,0,1.1,0,11,1,45,0.2,188,3,20,1175,1586,2339,19,2,10,1,1,0,2
138,1128,1,1.1,0,9,1,46,0.9,135,8,10,751,1582,1434,5,0,11,1,0,0,1
139,605,0,1.5,0,9,1,18,0.9,162,2,14,329,656,2301,15,9,8,1,0,0,1
140,722,0,1.1,0,12,0,12,1.0,93,6,20,138,1371,2359,13,6,3,0,0,0,1
141,1496,1,2.0,1,4,0,42,0.5,182,5,5,96,741,854,16,0,7,0,1,1,0
142,1881,0,2.2,0,4,0,51,0.3,158,5,7,477,1553,1229,12,0,14,1,0,0,1
143,1977,0,1.3,1,2,0,31,0.4,173,8,6,1145,1356,2641,8,2,7,0,0,0,3
144,826,1,2.4,1,14,1,57,0.6,117,2,17,1077,1183,1907,15,14,5,1,0,0,1
145,1318,0,1.9,1,0,1,11,0.8,188,2,15,688,1591,1780,12,10,2,1,0,0,1
146,1345,1,3.0,0,7,1,38,0.1,162,3,11,512,1465,1322,9,2,15,1,0,0,1
147,864,0,2.5,0,10,1,24,0.7,148,4,15,1362,1378,3964,13,8,12,1,1,0,3
148,846,1,2.6,0,0,1,58,0.1,123,4,15,1140,1983,2248,16,8,13,1,0,0,2
149,1310,0,2.3,1,3,0,15,0.2,150,5,11,954,970,2518,18,17,5,0,1,1,2
150,1308,0,1.9,0,0,1,61,0.7,106,3,7,59,1215,3355,15,2,4,1,0,1,3
151,1502,1,1.2,0,0,0,54,0.2,138,5,12,65,588,3693,17,14,16,1,1,0,3
152,1289,0,0.8,1,3,1,16,0.9,161,6,17,713,1854,3167,14,8,20,1,1,0,3
153,1699,1,0.5,0,16,0,21,0.1,156,4,20,105,1099,1181,16,0,18,1,1,0,1
154,1655,1,0.5,1,6,1,4,0.1,105,3,12,626,1348,673,10,3,12,1,0,0,0
155,598,1,0.8,1,8,1,62,0.1,117,8,9,118,764,3066,11,2,19,1,1,0,2
156,1332,0,1.3,1,5,1,7,0.8,168,7,19,846,855,2790,19,11,10,1,1,0,2
157,1195,1,2.8,0,1,1,20,0.8,110,2,14,1580,1652,504,9,3,12,1,1,0,0
158,776,1,1.7,0,0,1,20,1.0,146,4,9,991,1803,685,15,11,7,1,1,1,0
159,1674,0,2.8,1,0,1,52,0.2,89,3,7,1432,1649,2030,7,0,6,1,0,0,2
160,1164,0,1.0,0,4,1,19,0.9,95,8,18,729,1704,3309,15,3,3,1,0,1,3
161,635,1,0.5,1,2,0,42,0.4,149,3,4,300,1059,2973,12,5,18,0,0,1,2
162,723,1,1.9,0,4,0,30,0.3,102,1,7,1467,1901,2339,19,9,17,0,1,1,2
163,1777,1,3.0,0,3,0,20,0.6,188,6,5,511,616,3868,5,1,7,0,1,1,3
164,637,1,0.8,1,2,0,28,0.6,194,4,6,1080,1289,2725,15,10,7,0,0,0,2
165,1953,1,2.1,1,7,0,56,0.1,158,8,9,555,764,2334,11,5,4,1,0,0,2
166,1271,1,0.5,0,12,0,32,0.1,113,7,15,1350,1949,445,15,14,14,0,0,1,0
167,1809,1,1.7,0,3,1,59,0.1,174,3,4,639,721,2324,10,6,16,1,0,1,2
168,1002,1,1.8,0,1,0,45,0.7,180,7,7,948,1007,1234,19,13,18,1,1,0,0
169,1106,1,1.9,0,4,0,54,0.7,107,3,9,614,1212,2674,9,3,9,1,0,1,2
170,1177,0,0.9,0,1,1,29,0.4,191,2,8,178,882,311,18,5,19,1,0,0,0
171,788,0,2.5,1,4,1,57,0.9,91,8,12,42,1161,3969,12,8,6,1,1,1,3
172,742,1,0.5,0,0,1,36,0.7,139,3,1,1161,1288,292,8,0,6,1,1,1,0
173,868,0,1.7,0,0,0,30,0.8,83,4,0,276,1026,1653,11,7,17,1,0,0,1
174,517,0,1.4,1,3,1,33,0.8,183,4,8,660,974,3704,17,16,11,1,0,1,3
175,1312,0,1.3,0,5,1,10,0.6,163,2,9,95,893,3941,6,2,13,1,1,1,3
176,1620,0,2.6,1,6,0,5,0.9,186,6,18,434,1339,1086,18,14,13,1,0,0,1
177,712,1,1.6,0,6,1,9,0.8,172,2,14,881,1234,3612,13,5,4,1,0,0,3
178,781,1,1.3,1,1,0,64,0.2,88,2,7,368,607,3862,17,10,9,0,0,0,3
179,987,0,1.3,1,0,1,61,0.4,107,3,9,581,820,3963,9,4,20,1,0,1,3
180,1796,0,1.6,1,5,0,7,0.1,101,4,6,667,798,1642,9,4,3,0,1,1,1
181,1742,1,0.5,1,5,1,43,0.9,176,3,7,356,1407,1921,9,2,3,1,1,0,2
182,1405,0,1.7,0,0,0,8,0.3,107,4,7,284,1036,2376,19,6,11,0,1,0,2
183,1974,0,0.5,1,9,0,10,0.8,145,6,12,530,1496,1433,6,1,17,0,0,0,1
184,1796,1,2.3,0,4,0,44,0.9,184,2,11,1024,1363,3577,17,7,4,1,1,0,3
185,601,0,2.1,0,4,0,26,0.3,101,4,18,509,548,918,9,1,12,0,0,0,0
186,1263,0,0.5,0,12,0,64,0.3,175,5,18,178,1883,1183,14,3,17,0,0,1,1
187,1662,0,0.5,0,0,1,61,0.8,126,4,13,32,1509,3760,9,5,13,1,1,1,3
188,1759,1,1.4,0,10,1,15,0.4,101,4,13,382,1163,2107,18,5,16,1,1,0,2
189,1600,0,0.5,0,1,1,16,0.3,94,4,16,1315,1710,2073,9,5,4,1,1,0,2
190,504,1,0.5,1,5,0,16,0.1,166,1,9,767,1665,701,17,15,15,1,0,1,0
191,803,1,2.1,0,7,0,17,1.0,198,4,11,344,1440,2680,7,1,4,1,0,1,2
192,1202,1,2.4,1,0,0,19,0.1,122,2,1,404,1742,595,19,0,3,0,0,0,0
193,1327,0,2.8,0,10,0,23,0.5,89,7,16,441,1721,872,7,5,4,1,1,1,0
194,1382,1,0.5,0,7,1,13,0.3,199,2,18,612,719,2073,16,7,9,1,0,1,1
195,683,0,0.7,0,5,0,19,0.9,173,4,17,954,1985,2622,16,3,5,0,0,1,2
196,1331,0,0.5,0,8,0,55,0.9,146,3,15,1162,1531,1732,6,2,11,1,0,1,1
197,666,1,0.5,1,7,1,54,0.4,81,3,13,58,1353,1254,15,9,9,1,1,1,0
198,648,1,1.8,0,1,1,60,0.1,195,4,4,931,1811,819,10,3,4,1,0,0,0
199,1194,0,2.3,0,6,1,34,0.2,165,2,12,494,509,313,15,1,19,1,1,0,0
200,1972,0,1.2,1,0,0,37,0.7,102,2,1,715,1648,2870,16,0,17,0,0,0,3
201,1254,1,1.2,0,2,1,27,0.2,134,2,10,1288,1372,817,14,1,16,1,1,1,0
202,1337,1,2.7,1,0,0,5,0.7,200,4,1,161,1029,3242,10,1,20,0,1,0,2
203,674,1,2.9,1,1,0,21,0.2,198,3,4,576,1809,1180,6,3,4,1,1,1,0
204,1725,0,0.5,1,8,1,52,1.0,185,6,12,1125,1195,1243,19,18,5,1,1,1,1
205,712,1,0.5,1,3,1,35,0.2,84,2,10,558,1208,2190,16,12,4,1,1,1,1
206,1201,1,0.5,0,2,0,10,1.0,99,7,7,306,558,495,15,6,14,1,1,1,0
207,606,0,2.5,0,1,1,53,0.2,146,4,2,465,1152,1223,19,12,7,1,0,0,0
208,903,0,1.0,1,0,1,50,0.4,91,1,0,1230,1235,711,9,5,10,1,1,0,0
209,1973,1,2.4,1,6,0,46,0.1,193,4,10,699,851,639,6,0,3,0,0,1,0
210,1179,1,0.5,0,7,1,32,0.3,182,2,12,85,1451,340,16,5,16,1,0,0,0
211,622,1,1.9,1,12,0,11,0.8,193,8,14,760,1964,3183,5,0,4,1,1,1,2
212,1782,1,2.8,1,6,1,58,0.8,157,1,13,867,999,2405,15,0,16,1,0,1,2
213,1925,0,3.0,1,0,1,16,0.8,175,8,11,983,1087,2173,7,3,19,1,1,0,2
214,1751,0,2.5,0,1,0,4,0.6,146,8,9,1499,1952,1155,19,14,12,0,1,1,1
215,1986,0,0.5,1,3,1,51,0.1,165,8,20,282,1358,1614,17,12,3,1,1,1,1
216,1162,0,1.0,0,0,0,50,0.5,104,4,10,332,866,1404,10,3,15,1,1,1,1
217,1225,0,0.7,1,6,0,60,0.1,107,2,15,10,1567,2423,17,11,6,1,0,0,2
218,1063,1,2.5,0,0,1,31,0.9,95,6,10,295,935,961,16,6,5,1,1,0,0
219,741,0,1.5,0,1,0,14,0.3,178,5,13,334,594,1886,19,11,9,1,1,1,0
220,636,0,0.5,0,8,1,28,0.9,152,2,15,148,742,2927,15,6,3,1,0,0,2
221,954,1,0.5,0,0,0,50,0.3,134,2,11,228,1058,438,17,0,2,1,0,0,0
222,1589,1,1.4,0,3,1,26,0.1,100,8,16,1673,1759,3970,16,8,18,1,0,1,3
223,1824,1,0.8,0,4,1,19,0.9,143,2,5,1055,1738,2381,14,1,5,1,0,0,2
224,1569,0,0.5,1,3,0,33,0.2,147,1,13,519,930,3538,18,1,15,1,0,1,3
225,934,0,2.0,1,2,0,30,0.7,182,8,15,521,1190,703,10,8,7,0,0,1,0
226,1470,0,2.2,1,4,1,33,0.4,138,7,10,1790,1988,1633,18,4,4,1,0,0,2
227,1712,1,0.9,1,2,0,23,1.0,155,7,19,155,663,1422,5,0,15,1,1,0,1
228,1720,1,0.7,1,0,0,19,0.1,137,2,3,409,646,1222,13,2,7,0,0,0,1
229,1313,1,1.8,1,4,0,9,0.4,105,1,6,416,1308,3791,11,10,6,0,1,1,3
230,962,0,1.0,1,14,0,2,0.9,125,1,20,1618,1916,1491,16,2,14,1,0,0,1
231,1645,1,1.8,0,1,0,21,0.7,123,7,2,897,1308,783,10,8,20,1,0,0,0
232,1866,0,0.5,0,13,1,52,0.7,185,1,17,356,563,373,14,9,3,1,0,1,0
233,1748,1,0.5,1,11,1,53,0.5,114,4,20,718,1109,2633,16,0,9,1,0,0,2
234,942,0,1.4,1,8,0,27,0.5,91,4,9,754,1532,587,6,3,13,0,1,1,0
235,1312,1,0.8,1,0,0,24,0.9,156,6,0,115,1791,3833,14,13,17,0,1,0,3
236,1027,0,0.5,0,2,1,64,0.9,103,2,7,1698,1747,3786,17,12,12,1,0,0,3
237,1757,0,0.5,0,8,0,49,0.5,180,6,14,265,713,2056,7,5,4,0,0,0,1
238,1030,0,1.6,1,3,1,58,0.2,138,6,20,1111,1812,2858,6,2,18,1,1,1,3
239,1002,0,2.7,1,16,1,11,0.4,185,6,18,285,512,961,10,7,19,1,0,1,0
240,969,0,2.4,0,0,0,45,0.3,124,7,0,491,589,404,18,5,19,1,0,1,0
241,737,1,2.4,1,7,0,49,0.6,193,4,16,781,1463,2951,7,0,10,0,1,0,2
242,1397,0,2.9,1,13,0,9,0.5,87,6,18,1308,1991,3137,12,1,11,1,1,1,3
243,1878,0,1.5,1,5,1,56,0.3,139,5,13,183,559,2711,8,2,3,1,1,1,2
244,1183,1,0.5,1,3,1,48,0.1,120,8,12,268,1010,1152,8,3,3,1,0,0,0
245,1992,1,1.6,0,5,1,57,1.0,100,2,15,1552,1596,606,9,3,4,1,1,1,1
246,532,1,0.8,1,3,0,8,0.1,193,5,10,1213,1354,728,13,5,8,1,1,0,0
247,1528,0,2.4,0,2,0,37,0.2,156,8,3,306,564,733,15,0,14,1,1,0,0
248,821,0,1.8,1,5,0,54,0.1,109,3,9,253,1786,3185,8,4,15,1,0,0,2
249,924,0,0.5,1,0,1,47,0.3,167,8,6,108,1813,1620,17,15,12,1,0,0,1
250,609,1,0.5,0,4,1,10,0.1,81,6,6,113,1524,1905,16,3,18,1,1,1,1
251,1438,0,2.2,0,0,1,32,0.6,176,7,6,683,1663,869,19,13,9,1,1,1,0
252,1503,1,0.7,0,10,1,43,0.2,166,4,14,841,1304,2122,15,1,2,1,0,0,2
253,1547,0,2.9,1,6,0,45,0.7,166,2,8,583,590,505,12,2,3,0,1,1,0
254,843,0,1.3,1,1,0,16,0.9,119,7,4,593,732,1734,17,8,14,0,0,1,1
255,1012,0,0.5,1,4,0,39,0.1,161,4,6,882,1195,2802,8,0,10,1,1,0,2
256,1131,1,0.5,1,11,0,49,0.6,101,5,18,658,878,1835,19,13,16,1,1,0,1
257,1972,1,1.6,0,0,0,48,0.5,92,8,2,290,804,2872,7,2,11,1,0,1,3
258,1429,0,1.5,1,0,1,40,0.9,100,3,14,246,820,3945,11,7,18,1,0,1,3
259,764,0,1.0,1,9,1,45,0.5,124,8,11,52,539,1341,19,1,12,1,0,0,0
260,1635,0,2.6,1,0,1,2,0.6,182,4,0,1209,1411,2315,10,1,2,1,1,0,2
261,1296,0,1.4,1,3,0,11,0.2,129,7,4,1222,1382,2552,19,8,10,1,1,1,2
262,1110,0,1.5,0,4,1,41,0.1,152,3,16,800,1455,2572,16,5,16,1,0,1,2
263,1581,1,1.0,0,9,0,41,0.4,172,4,19,693,850,1384,19,9,2,0,1,1,1
264,719,0,2.9,0,7,0,6,0.7,102,6,8,405,1141,841,9,1,2,1,0,0,0
265,799,1,2.3,0,1,1,63,0.8,144,8,6,361,975,431,15,6,6,1,1,1,0
266,1430,0,0.5,1,1,0,27,0.5,183,1,16,1132,1182,2832,7,1,15,0,1,1,2
267,1095,1,0.5,0,4,0,45,0.5,197,1,5,179,1247,560,9,1,10,1,1,0,0
268,1960,1,2.1,0,1,0,7,0.2,165,7,9,868,877,3773,11,9,6,0,1,1,3
269,579,1,2.5,0,3,0,7,1.0,89,8,10,808,1517,2908,12,4,11,0,0,1,2
270,713,1,1.6,0,7,1,2,0.4,181,8,9,1211,1378,485,10,6,4,1,1,1,0
271,1174,1,0.9,0,7,0,30,1.0,147,4,20,744,1244,804,17,14,16,0,1,1,0
272,1300,1,0.5,0,5,0,62,0.1,156,6,7,219,1037,874,15,3,10,1,1,0,0
273,769,1,2.9,1,0,0,9,0.1,182,5,1,248,874,3946,5,2,7,0,0,0,3
274,1110,0,0.6,0,1,0,42,0.9,192,5,2,1179,1262,456,12,8,18,1,1,0,0
275,1807,0,2.0,1,0,1,13,0.5,155,8,0,970,974,323,9,3,3,1,1,1,0
276,839,0,2.0,1,0,0,14,0.4,175,7,3,564,1391,3835,15,8,11,1,0,0,3
277,1469,0,2.1,0,0,0,8,0.7,123,7,0,398,1133,1052,8,1,3,0,1,0,0
278,1592,0,2.1,0,6,1,50,0.1,181,2,17,510,522,2103,19,8,7,1,0,0,1
279,1147,0,0.8,1,11,0,28,0.7,158,6,13,1085,1134,2627,18,3,15,1,0,1,2
280,1617,1,2.6,0,14,0,29,0.9,113,6,20,283,676,3685,13,1,18,0,0,0,3
281,1811,1,2.5,0,4,1,5,0.6,98,4,16,447,568,2700,13,7,8,1,1,1,2
282,1224,0,0.5,0,16,1,6,0.4,109,6,18,747,826,506,10,0,11,1,1,1,0
283,626,0,0.7,1,2,1,23,0.5,187,2,9,90,1334,3458,7,5,11,1,0,1,2
284,1919,0,1.5,0,5,1,48,0.8,150,4,6,304,1191,1391,19,13,12,1,0,1,1
285,714,1,0.5,0,1,0,30,0.3,145,4,2,643,1527,2302,12,10,10,0,1,1,1
286,733,0,0.8,0,7,0,16,0.4,138,4,12,202,1787,2648,12,0,19,1,1,0,2
287,1483,1,2.6,1,13,0,19,0.6,146,7,19,361,1552,1587,9,4,19,0,0,0,1
288,1290,0,0.5,0,0,0,3,0.1,143,6,4,600,1109,1214,9,8,15,0,1,1,1
289,1853,0,0.5,1,1,0,27,0.3,197,6,13,985,1005,1973,10,2,8,1,0,1,2
290,1349,0,2.0,1,15,0,62,0.3,114,5,16,592,772,2756,11,3,4,1,0,0,2
291,772,1,2.4,1,1,1,10,0.5,80,4,2,1242,1712,3242,18,11,4,1,1,0,3
292,904,0,1.8,0,3,1,35,0.4,168,3,4,42,507,1360,15,12,11,1,0,0,0
293,1380,1,2.1,1,1,1,4,0.8,92,3,13,420,500,797,13,2,15,1,1,0,0
294,902,1,0.7,0,3,0,3,0.3,134,7,9,675,1285,3411,12,11,15,0,0,1,3
295,1747,0,0.5,0,4,0,13,0.7,185,6,12,800,873,3105,7,1,10,1,0,0,3
296,1177,0,0.9,0,1,0,11,1.0,181,4,7,945,1923,1887,8,5,11,1,1,1,1
297,1860,0,0.5,1,2,1,55,0.7,83,6,3,195,799,676,15,0,4,1,0,1,0
298,1560,0,2.3,0,0,1,22,0.8,169,7,1,745,1364,1938,15,11,16,1,1,1,2
299,581,0,2.2,0,0,0,59,0.7,185,5,6,803,1613,2819,19,17,9,0,0,1,2
300,989,1,2.0,0,4,0,17,0.2,166,3,19,256,1394,3892,18,7,19,1,1,0,3
301,1614,0,1.2,0,1,1,9,0.1,161,3,2,173,1219,1832,15,8,11,1,0,0,1
302,739,1,2.3,1,2,1,58,0.1,88,3,4,1052,1536,475,7,6,6,1,0,1,0
303,1135,1,2.0,1,0,0,46,0.3,83,1,4,293,1846,3029,19,17,9,1,1,1,3
304,1867,0,2.3,0,0,1,9,0.1,191,6,3,712,1442,990,6,1,2,1,0,1,1
305,1696,0,1.7,0,1,0,13,0.9,97,3,2,179,772,523,5,0,4,0,1,1,0
306,1391,0,1.4,0,2,1,36,0.8,182,1,6,14,1256,3139,14,7,14,1,1,0,2
307,961,1,1.5,1,10,0,51,0.3,152,6,16,554,621,2981,15,6,7,1,1,1,2
308,1149,1,2.2,0,4,0,30,0.2,106,6,5,1617,1675,3755,17,14,8,1,0,0,3
309,1472,0,2.8,1,1,0,36,0.5,130,6,10,1452,1744,985,12,11,7,1,1,0,1
310,984,1,0.5,0,13,1,42,0.8,98,7,17,1036,1611,898,16,8,13,1,1,0,0
311,1526,0,2.1,0,1,1,23,0.2,117,7,8,718,751,2227,18,10,3,1,1,0,2
312,657,0,2.5,0,0,0,37,0.7,141,2,1,476,961,1412,14,3,18,0,1,0,0
313,509,1,0.6,1,2,1,9,0.1,93,5,15,1137,1224,513,19,10,12,1,0,0,0
314,1230,1,1.6,0,0,1,48,0.7,111,7,2,1960,1963,1622,18,17,16,1,1,1,2
315,605,0,1.0,0,8,1,9,0.1,142,3,16,160,1026,392,15,6,4,1,0,0,0
316,1086,1,1.7,1,0,1,43,0.2,111,6,1,56,1150,3285,11,5,17,1,1,0,2
317,797,1,1.5,1,4,0,18,0.6,81,8,20,888,1466,2052,9,3,14,1,1,1,1
318,668,0,2.3,0,2,1,48,0.3,114,1,19,195,1292,1201,14,12,4,1,1,0,0
319,875,1,0.7,1,1,0,30,0.7,146,8,8,469,853,702,19,15,15,1,1,1,0
320,904,0,2.7,1,4,0,19,0.6,147,6,7,1094,1496,545,19,18,16,0,0,0,0
321,1544,0,2.4,0,18,1,12,0.1,186,7,20,470,844,489,9,4,2,1,0,1,0
322,1652,1,1.1,1,1,0,36,0.7,89,4,5,313,1264,2338,12,8,20,0,0,0,2
323,922,0,1.5,1,1,1,35,0.9,188,7,15,1016,1383,1165,19,6,4,1,1,1,0
324,868,1,0.9,0,5,0,5,0.4,137,4,7,40,1311,1519,13,0,2,0,0,1,0
325,1020,1,0.7,1,3,1,27,0.7,128,4,4,919,1482,3204,18,1,9,1,0,1,3
326,907,0,1.4,1,3,0,42,0.2,151,1,16,171,507,584,11,9,6,1,0,0,0
327,627,0,1.8,0,2,0,20,0.8,142,3,8,211,507,896,17,6,14,0,0,0,0
328,1663,1,2.5,1,13,1,27,0.3,169,4,14,831,1439,2084,7,1,18,1,0,0,2
329,918,0,0.9,1,1,0,8,0.1,123,7,5,653,671,1652,17,4,14,1,1,0,1
330,1724,0,2.0,1,2,1,57,0.5,177,3,5,1605,1924,2822,19,3,16,1,1,0,3
331,1020,0,1.5,0,13,1,7,0.7,96,3,18,870,1613,1142,13,9,8,1,0,1,1
332,1707,0,1.4,0,0,0,41,0.8,80,7,2,1331,1388,1774,12,0,10,0,0,0,2
333,1218,1,2.8,1,3,0,39,0.8,150,7,14,1122,1746,1667,10,0,12,0,0,0,1
334,1284,1,2.8,1,0,0,10,0.9,155,2,14,160,516,2197,16,2,9,0,1,1,1
335,1576,1,0.9,1,0,1,14,0.4,173,2,4,1213,1386,3220,17,2,6,1,1,0,3
336,1150,1,0.5,1,4,1,27,1.0,134,1,17,234,1947,1610,11,0,16,1,0,0,1
337,936,0,1.0,0,1,0,18,0.2,153,3,18,1330,1686,2391,12,6,3,1,1,1,2
338,1303,0,1.0,1,0,1,15,0.1,138,3,10,229,1604,2574,12,4,14,1,1,1,2
339,890,1,2.2,1,4,0,44,0.5,198,8,13,1074,1873,751,7,3,3,0,0,0,0
340,1980,0,0.5,1,2,1,29,0.8,177,1,13,312,1910,3865,12,10,18,1,0,0,3
341,1191,0,0.8,0,6,1,46,0.8,89,6,9,42,807,824,19,18,7,1,0,0,0
342,1501,0,1.1,0,12,1,2,0.2,187,1,15,198,1056,2487,13,12,16,1,1,1,2
343,1890,0,1.1,0,4,1,48,0.5,127,4,5,1438,1832,2392,10,4,15,1,0,1,3
344,912,0,0.5,1,0,0,58,0.3,107,5,1,165,1723,3573,17,3,20,1,1,0,3
345,1142,1,1.4,1,6,0,6,0.7,190,8,8,534,855,663,12,4,5,0,1,1,0
346,725,0,1.3,1,16,0,60,0.4,160,8,17,1134,1249,1326,10,4,15,1,0,0,1
347,563,1,0.5,1,2,1,41,0.9,145,5,6,1263,1716,2603,11,2,9,1,1,0,2
348,1205,1,2.7,0,5,0,10,0.1,163,6,10,321,1870,953,18,11,20,0,1,1,0
349,1464,0,0.5,1,0,1,17,0.7,153,6,8,418,1341,1277,13,6,19,1,0,0,1
350,1883,1,0.5,0,3,1,10,0.3,146,6,13,836,1739,2600,16,8,20,1,0,0,3
351,1368,0,0.5,0,10,1,42,0.2,91,1,20,907,925,1590,12,0,14,1,0,0,1
352,1762,1,2.5,0,10,1,15,0.3,107,8,11,1103,1364,2183,8,3,11,1,1,0,2
353,825,1,1.5,0,11,0,38,0.4,94,3,18,540,783,716,11,4,14,0,1,0,0
354,577,0,2.4,0,8,1,37,0.9,161,6,20,1087,1450,814,11,7,19,1,1,1,0
355,1820,1,1.7,1,0,1,64,0.6,161,1,3,1157,1951,574,10,2,18,1,1,0,1
356,794,1,0.5,1,0,1,2,0.8,106,6,14,1222,1890,668,13,4,19,1,1,0,0
357,1160,0,1.1,0,1,1,63,0.7,166,3,2,762,859,595,18,4,15,1,0,1,0
358,841,1,0.5,1,8,0,39,0.1,199,6,13,546,828,2942,11,5,16,0,1,1,2
359,1114,0,2.8,0,4,1,9,0.4,197,3,15,1040,1071,907,10,7,17,1,1,0,0
360,1829,1,0.5,0,0,1,15,0.4,160,5,7,729,1267,2080,16,11,12,1,0,1,2
361,1449,0,0.8,1,3,1,10,0.2,144,1,12,1518,1883,1032,10,0,8,1,1,1,1
362,1995,1,0.5,0,6,0,26,0.2,129,1,15,649,1104,1322,15,11,7,0,1,1,1
363,581,0,0.6,0,5,1,56,0.2,180,2,10,523,565,354,10,4,13,1,1,1,0
364,1821,0,1.7,0,4,1,10,0.8,139,8,10,381,1018,3220,13,8,18,1,0,1,3
365,538,0,1.1,1,0,1,25,0.3,163,7,7,455,537,2215,9,3,17,1,1,1,1
366,1039,0,0.5,1,8,0,47,0.2,130,8,9,384,1878,1742,18,12,15,1,0,0,1
367,1339,1,2.3,1,0,0,40,0.1,123,2,1,212,1269,2382,6,4,7,1,0,1,2
368,1210,0,0.5,0,0,0,63,0.1,93,5,0,1177,1462,2394,17,9,7,0,0,0,2
369,1699,0,0.5,1,1,0,59,0.5,97,4,3,466,1768,3796,17,10,12,0,1,1,3
370,769,0,0.5,1,12,1,54,0.2,112,4,19,1385,1780,941,15,8,20,1,0,1,0
371,771,1,0.5,0,3,0,25,1.0,86,4,6,327,922,770,12,1,20,0,1,0,0
372,772,1,1.2,1,7,1,8,0.6,134,7,8,552,1802,422,7,6,15,1,0,0,0
373,840,0,0.6,0,0,1,63,0.8,137,7,19,987,1081,3486,12,8,18,1,1,0,3
374,1136,0,0.5,0,0,1,9,0.9,150,6,2,1307,1767,2110,9,5,16,1,0,1,2
375,1061,1,2.1,0,3,1,52,0.1,109,7,4,138,1330,999,16,12,9,1,1,0,0
376,1872,0,0.5,0,5,1,26,0.5,172,4,10,672,1088,2273,8,4,8,1,0,1,2
377,1900,1,0.5,1,0,1,55,0.9,171,1,1,934,1241,3917,15,5,18,1,0,1,3
378,1603,1,0.5,1,1,1,17,0.5,114,2,8,430,1207,1637,17,3,11,1,0,1,1
379,1927,0,0.9,1,3,0,11,0.4,190,8,12,491,1506,2916,16,11,18,0,1,1,3
380,701,1,0.7,0,7,0,15,0.5,160,3,11,1002,1256,1756,6,3,17,1,1,1,1
381,1128,1,1.4,0,12,0,53,0.4,84,5,14,609,1370,2982,14,9,12,1,1,0,3
382,1997,1,1.8,1,1,0,40,0.5,185,4,8,866,1212,1655,7,6,15,1,0,0,2
383,630,0,2.0,0,9,1,14,0.5,180,8,13,66,1448,1212,12,8,12,1,0,0,0
384,547,0,1.9,1,1,0,37,0.4,154,5,4,371,541,2705,17,3,10,1,1,0,1
385,1741,1,0.5,0,1,1,55,0.1,140,5,3,719,755,2575,13,10,7,1,1,1,2
386,1911,0,0.9,1,1,1,36,0.7,108,8,3,868,1632,3057,9,1,5,1,1,0,3
387,1948,0,2.8,1,8,0,16,0.1,100,5,10,631,1940,3630,9,7,17,0,1,0,3
388,1869,0,2.6,0,0,1,30,0.4,152,1,13,163,874,1375,15,3,19,1,0,0,1
389,1436,1,2.4,1,3,1,23,0.3,106,5,4,189,1411,2488,8,4,8,1,0,0,2
390,1864,0,1.9,1,2,0,57,0.1,181,6,6,1279,1793,3586,19,9,8,0,0,1,3
391,990,1,2.7,1,3,0,15,0.9,153,2,7,1466,1717,2698,11,8,6,1,0,0,2
392,1359,1,0.5,1,1,1,58,0.5,107,6,3,446,901,1076,16,8,4,1,1,1,0
393,1413,0,0.6,0,0,1,13,0.1,128,1,0,1323,1481,515,5,0,18,1,1,0,0
394,1923,0,1.3,0,3,0,24,1.0,86,4,4,874,1264,2479,9,2,15,1,1,0,2
395,1348,0,1.3,0,0,0,43,0.4,116,5,6,204,501,3914,10,3,8,1,0,1,3
396,1396,0,2.4,1,0,0,46,0.1,138,7,1,1191,1347,2389,7,3,15,0,0,1,2
397,765,0,0.5,1,0,1,47,0.3,115,8,1,1277,1429,2243,11,7,4,1,0,1,2
398,1552,1,2.2,0,6,1,13,0.2,123,6,9,269,1026,2403,9,2,9,1,1,1,2
399,1783,0,2.9,1,2,0,42,0.7,104,6,8,1081,1979,387,14,5,3,0,1,0,1
400,600,0,0.5,0,1,0,48,0.8,191,3,7,501,1465,3393,12,7,8,1,0,0,2
401,615,1,0.5,1,0,0,42,0.6,163,6,4,104,1664,2211,7,4,18,0,0,1,1
402,920,0,2.1,1,5,0,25,0.4,115,7,14,209,1078,785,10,7,5,0,1,1,0
403,928,1,0.5,1,11,0,56,0.7,80,8,13,221,1243,666,19,10,5,0,1,0,0
404,1670,1,1.6,1,0,0,47,0.8,139,8,15,1706,1886,876,16,0,5,1,1,0,1
405,879,0,1.5,1,0,1,21,0.8,187,4,2,463,1038,2927,14,13,11,1,0,1,2
406,1394,1,0.9,1,10,1,62,0.3,175,5,13,1010,1565,473,11,1,20,1,1,0,0
407,1195,1,1.1,1,2,1,8,0.9,80,6,6,327,1001,643,14,2,19,1,0,0,0
408,1163,1,2.1,1,0,1,19,0.9,132,2,1,728,818,2940,13,0,15,1,0,1,2
409,772,0,1.1,1,12,0,39,0.8,81,7,14,1314,1854,2819,17,15,3,1,1,0,3
410,1484,0,3.0,0,3,0,12,0.6,134,3,5,916,969,1457,14,4,20,1,1,0,1
411,732,1,1.3,0,5,1,32,0.4,163,8,7,1661,1836,3883,12,2,5,1,0,1,3
412,535,0,1.9,0,5,0,24,0.2,190,8,19,398,1775,524,9,3,4,0,0,0,0
413,1205,0,0.5,1,3,0,12,0.6,175,4,6,573,614,860,14,1,14,1,0,1,0
414,1011,0,1.1,0,4,1,36,0.2,131,7,18,481,749,2261,7,6,16,1,1,1,1
415,680,1,2.4,0,13,1,34,0.4,157,2,17,686,1418,3845,15,1,4,1,1,1,3
416,564,0,3.0,1,1,0,8,0.7,130,2,3,853,1737,2227,9,2,14,1,0,1,1
417,1197,1,0.5,1,9,0,20,0.1,129,5,10,214,1710,2885,19,7,14,1,1,1,2
418,1074,0,2.4,1,2,1,9,0.9,103,6,14,946,952,1948,13,1,18,1,1,1,1
419,1546,1,1.6,1,2,1,27,0.7,124,2,6,1138,1491,267,12,10,16,1,1,0,0
420,1408,1,2.5,0,3,0,32,0.1,151,4,6,875,982,3162,19,18,3,1,0,0,3
421,1723,1,1.0,0,1,1,7,0.6,126,3,17,384,1361,1213,5,0,16,1,1,1,1
422,1395,0,1.8,1,0,0,23,0.1,111,3,1,213,705,2571,11,0,13,1,0,1,2
423,1703,1,1.5,1,17,1,55,0.7,138,5,19,1411,1711,2993,5,1,20,1,1,1,3
424,1946,0,2.7,1,8,0,8,0.3,123,8,19,647,1849,3117,6,0,2,1,0,0,3
425,1965,1,0.5,0,4,1,29,0.5,149,5,13,584,676,2973,11,1,20,1,1,1,3
426,984,0,0.5,1,3,1,9,0.8,140,3,20,531,707,841,18,15,16,1,0,0,0
427,979,0,0.5,1,0,1,5,0.5,164,7,2,793,1670,3449,5,2,14,1,0,0,3
428,1591,1,2.2,0,3,1,49,0.4,154,6,7,1384,1883,3703,17,6,20,1,1,0,3
429,1891,0,2.8,0,7,1,37,0.4,129,7,14,169,1108,3704,8,6,11,1,0,0,3
430,1578,0,2.9,0,8,0,3,0.9,200,1,20,342,670,3483,17,4,16,1,0,0,3
431,697,0,2.7,1,5,1,20,0.4,173,2,6,478,1477,259,12,6,4,1,1,1,0
432,545,0,0.5,0,0,1,11,0.3,131,3,1,381,1452,616,15,6,19,1,1,1,0
433,1934,1,2.6,1,0,1,46,0.1,103,1,17,619,1299,2940,13,9,2,1,1,1,3
434,1578,0,1.9,1,2,1,37,0.1,138,4,19,411,1226,2458,19,16,3,1,0,1,2
435,957,1,2.5,0,4,0,7,0.8,107,5,10,1201,1485,1846,12,5,7,1,0,1,1
436,1493,0,1.5,1,13,0,53,0.5,102,5,16,240,1414,2083,19,15,20,0,1,1,2
437,1234,0,1.7,1,8,0,17,0.9,174,6,15,209,725,3351,12,9,19,0,0,1,2
438,1766,1,0.5,1,1,1,22,0.8,122,8,4,291,1318,3297,7,5,16,1,0,0,3
439,1208,0,2.9,0,5,1,16,1.0,175,1,19,691,1028,2201,17,16,12,1,0,0,1
440,823,1,0.5,0,0,0,39,0.4,187,8,4,630,888,294,13,9,11,0,0,1,0
441,1936,1,1.9,1,13,1,34,0.2,182,7,14,591,1089,1671,6,1,9,1,0,1,1
442,1576,1,2.2,0,8,0,5,0.7,139,3,17,258,789,3904,5,1,7,1,1,1,3
443,1512,1,0.5,0,1,0,52,0.1,131,1,14,333,952,3002,6,5,7,0,0,1,2
444,1715,0,1.9,0,4,1,3,0.1,171,5,6,79,1652,514,7,4,13,1,0,0,0
445,930,1,1.0,1,4,1,4,0.9,144,8,10,1017,1289,2016,13,10,16,1,1,1,1
446,754,0,0.5,1,7,1,59,0.7,178,7,10,1914,1928,1027,6,3,5,1,0,0,1
447,1701,1,0.5,0,13,1,46,0.9,115,2,15,364,828,3717,11,0,10,1,1,0,3
448,1542,0,2.3,0,1,0,43,0.8,182,2,11,346,966,3601,14,4,16,0,0,0,3
449,560,0,0.5,1,15,0,50,0.3,159,2,20,1448,1613,2150,18,12,11,1,1,0,2
450,1048,1,1.5,0,2,1,29,1.0,182,1,4,29,1670,2146,11,10,2,1,0,0,1
451,1268,1,2.9,0,9,1,42,0.9,182,6,17,360,912,931,11,5,20,1,1,0,0
452,808,0,2.3,0,3,0,45,0.8,161,1,9,526,1324,3431,15,6,13,0,1,1,3
453,915,0,2.0,0,8,1,31,0.3,91,3,20,875,1316,378,11,6,9,1,1,0,0
454,1642,0,0.5,1,16,1,8,0.3,171,6,17,129,873,2984,13,4,17,1,0,1,2
455,793,0,1.0,1,5,1,30,0.9,133,2,15,1858,1935,2332,17,13,14,1,1,1,2
456,1807,1,2.1,0,2,0,49,0.8,125,1,10,337,1384,1906,17,13,13,0,1,1,2
457,594,0,0.8,0,2,1,28,0.1,132,5,3,1011,1263,3087,16,4,4,1,1,1,2
458,1715,0,1.3,0,0,1,12,0.3,94,8,6,1224,1676,1633,15,10,5,1,1,1,2
459,896,0,1.0,1,3,1,4,0.3,111,1,4,1379,1469,1060,12,10,4,1,1,1,1
460,1826,1,0.5,1,5,1,49,0.6,172,8,6,973,1633,1612,17,9,17,1,1,0,2
461,1004,0,1.6,1,0,1,30,1.0,160,8,1,62,581,1012,7,4,13,1,1,1,0
462,1512,1,0.5,0,8,1,18,0.1,88,3,17,1079,1897,3607,12,10,6,1,1,1,3
463,1237,1,2.5,0,7,0,13,0.8,98,4,12,18,1004,2528,11,8,16,0,0,0,2
464,1935,0,0.5,0,0,1,29,0.6,124,5,9,806,860,455,9,2,6,1,0,1,0
465,635,1,0.6,1,1,1,50,0.3,97,5,13,193,989,2107,13,12,12,1,0,0,1
466,1910,0,1.4,0,0,0,29,0.6,146,7,2,333,639,2944,8,7,2,1,1,1,2
467,811,1,2.4,1,5,1,2,0.3,106,6,13,333,1429,2111,18,7,2,1,0,1,1
468,1310,1,2.3,1,6,0,57,0.9,135,8,9,449,889,1175,16,0,8,0,0,0,0
469,1052,0,0.9,0,1,0,6,0.8,195,4,16,1191,1839,552,6,1,11,0,0,1,0
470,1948,0,2.8,1,5,1,18,0.2,135,2,14,477,571,816,16,2,3,1,0,0,0
471,600,0,0.5,0,0,0,14,0.8,112,5,2,320,747,1655,18,0,9,0,0,0,0
472,1692,0,2.3,1,4,1,46,0.9,139,1,6,674,1925,1394,16,10,6,1,1,0,1
473,805,0,0.8,0,1,0,34,0.6,88,6,2,1262,1538,3647,18,11,9,1,0,1,3
474,503,0,1.2,1,5,1,8,0.4,111,3,13,201,1245,2583,11,0,12,1,0,0,1
475,855,1,0.5,0,2,1,59,0.5,159,2,3,1028,1196,1875,16,8,8,1,1,1,1
476,1053,0,2.9,0,7,0,42,0.9,126,6,17,419,1261,1339,17,0,14,0,0,1,0
477,504,0,2.8,1,0,0,40,0.5,178,3,0,626,1195,470,6,0,16,1,0,0,0
478,1876,0,0.5,0,10,1,40,0.3,86,6,14,546,1564,2513,10,8,16,1,1,0,3
479,867,0,1.4,1,0,1,4,0.7,135,6,1,70,1974,790,13,6,3,1,1,0,0
480,1134,1,0.9,0,2,1,13,0.4,92,4,19,18,903,3632,17,8,19,1,1,0,3
481,1426,1,2.5,0,2,1,55,0.4,109,1,7,777,1032,2562,5,1,3,1,0,0,2
482,1793,0,1.8,1,10,0,12,0.5,169,6,17,1086,1418,3533,16,14,15,1,1,1,3
483,1303,1,2.1,0,6,1,10,0.4,109,8,15,1335,1873,2219,9,3,15,1,1,1,2
484,1001,0,2.8,1,1,0,40,0.2,117,3,7,922,1836,3654,13,9,10,1,1,1,3
485,1537,1,2.5,0,4,1,43,0.3,137,1,5,839,1131,3685,18,17,17,1,1,1,3
486,1610,1,2.9,0,7,1,64,0.9,181,4,12,1236,1280,941,8,4,9,1,1,0,1
487,989,1,0.7,0,13,1,51,0.4,132,3,15,670,804,2349,10,1,20,1,0,1,1
488,685,0,0.5,0,2,0,29,0.8,93,7,10,433,648,728,14,8,4,0,0,1,0
489,1923,0,0.5,1,7,0,46,0.5,191,1,10,767,1759,1489,10,9,3,1,1,1,1
490,712,0,0.5,0,6,0,27,0.5,86,2,11,1245,1309,2001,11,10,12,1,1,1,1
491,1472,1,2.3,0,6,0,61,0.1,168,6,19,710,1052,2677,19,15,8,1,0,0,2
492,1142,1,1.1,0,0,1,6,0.5,198,4,0,739,1766,1273,19,0,6,1,0,0,1
493,1043,0,2.7,0,3,0,29,0.2,83,8,17,887,893,1183,5,3,8,1,0,0,0
494,1583,0,1.2,1,0,0,14,0.2,148,2,4,1171,1673,2498,13,6,8,0,0,1,2
495,603,1,2.5,1,3,0,35,0.7,126,3,16,692,1057,3703,13,1,9,0,0,1,3
496,1568,1,0.5,0,16,0,33,1.0,150,8,20,413,654,508,5,1,6,1,1,1,0
497,1479,0,0.5,0,8,0,19,0.6,156,3,10,180,1476,3323,13,12,6,1,0,1,3
498,842,0,2.2,0,1,0,7,0.6,188,2,2,20,756,2549,9,7,19,0,0,1,1
499,1945,0,1.6,1,0,1,57,0.3,195,4,1,743,1753,732,14,1,14,1,1,0,1
500,1550,1,2.7,0,2,0,32,0.1,126,7,5,1541,1619,1571,12,3,14,0,0,0,2
501,635,1,0.5,0,9,0,16,1.0,110,7,17,599,1299,2452,19,17,8,1,0,0,2
502,1849,1,2.3,0,7,1,15,0.4,144,5,19,606,1123,3447,14,11,19,1,0,1,3
503,1843,0,2.8,0,1,1,62,0.8,104,3,7,21,832,3899,5,4,6,1,0,1,3
504,1673,1,1.6,0,2,0,42,0.5,182,5,6,214,679,3094,12,4,20,0,0,0,2
505,1823,0,2.8,1,11,0,10,0.6,81,8,19,362,1250,1812,5,0,19,1,1,1,2
506,1611,0,0.5,1,4,1,27,0.9,199,1,10,163,1011,3078,15,2,6,1,0,1,2
507,1068,0,2.0,1,1,1,37,0.9,184,7,13,186,1998,1803,5,4,7,1,0,0,1
508,1670,1,3.0,0,14,0,62,0.5,114,8,20,1117,1330,3024,6,0,20,0,0,1,3
509,1515,0,2.6,0,0,1,56,0.9,184,3,1,1438,1593,262,14,4,20,1,1,0,0
510,1450,0,2.1,0,1,0,31,0.6,114,5,4,1573,1639,794,11,5,9,0,1,1,1
511,1577,0,0.5,1,0,1,42,0.3,197,5,4,1045,1737,2060,19,6,12,1,0,0,2
512,1154,0,1.2,1,0,1,49,0.2,181,8,2,541,1499,978,5,3,7,1,0,1,0
513,745,1,0.6,1,5,0,35,0.8,102,8,10,89,1538,2459,14,1,16,1,1,0,1
514,965,1,0.5,0,15,0,53,1.0,131,8,19,297,653,3227,12,6,8,1,0,0,2
515,1722,1,1.0,0,7,0,25,0.8,88,6,19,1179,1638,2376,5,1,19,0,0,1,3
516,1954,0,0.6,1,8,0,7,0.9,126,3,9,673,690,3438,17,12,13,1,0,0,3
517,1420,0,2.8,1,1,0,50,0.1,100,8,8,194,1393,763,17,1,17,0,1,1,0
518,969,0,1.8,1,2,1,44,0.6,158,3,7,167,909,641,9,1,8,1,0,1,0
519,1444,1,2.1,1,0,0,6,0.9,103,1,1,1274,1340,712,17,5,10,0,0,0,0
520,1650,0,2.3,0,0,1,38,0.7,89,1,1,773,881,324,14,10,2,1,1,1,0
521,793,0,1.2,1,1,1,38,0.6,176,4,7,1226,1815,3139,6,1,12,1,1,1,3
522,1082,0,0.8,0,0,0,38,0.1,198,8,5,986,1191,2337,6,1,17,0,1,1,2
523,728,0,2.3,1,4,0,23,0.8,111,4,5,126,817,457,17,10,16,1,1,1,0
524,1698,0,2.1,0,5,1,18,0.9,160,6,20,363,994,796,13,3,14,1,0,1,0
525,1770,0,2.3,1,0,0,7,0.8,128,7,6,886,1552,1480,6,1,17,1,0,0,1
526,610,1,1.6,1,9,0,52,0.4,90,4,19,1039,1273,3472,10,4,12,1,1,1,3
527,1456,0,1.6,1,9,1,39,0.1,80,8,10,815,1666,3998,6,3,13,1,1,0,3
528,659,0,1.4,1,2,1,3,0.1,85,8,6,190,657,967,10,1,14,1,0,1,0
529,1763,0,2.9,1,1,1,53,0.2,101,4,20,138,806,2066,12,9,17,1,1,1,1
530,1224,1,1.6,0,9,0,33,1.0,157,1,18,522,563,3796,10,5,13,1,1,0,3
531,1841,1,1.3,1,6,0,14,0.6,167,8,8,593,672,2304,7,1,18,0,0,1,2
532,663,0,0.8,1,0,0,25,0.6,183,2,1,82,1605,3176,6,2,2,1,0,1,2
533,508,1,1.3,0,1,0,50,0.7,82,5,9,102,1195,2175,14,4,14,0,0,1,1
534,1472,0,3.0,0,4,1,20,0.3,169,2,6,443,892,797,6,1,11,1,1,0,0
535,895,0,0.5,1,6,0,16,0.3,164,8,14,126,1575,3122,7,0,4,0,0,1,2
536,1665,1,0.5,0,3,1,60,0.2,194,6,18,1572,1684,1601,18,17,14,1,0,0,2
537,685,0,0.5,1,8,1,13,0.8,82,7,15,1091,1203,3210,15,7,2,1,1,1,3
538,1804,0,0.5,0,9,1,22,0.6,153,7,19,1158,1244,3472,9,1,20,1,0,1,3
539,1343,0,2.4,1,5,1,14,0.9,81,8,10,1063,1205,462,18,7,11,1,1,1,0
540,1067,1,1.7,1,0,0,58,0.5,135,7,0,79,681,706,12,9,16,0,1,0,0
541,946,1,2.6,1,17,0,5,0.1,166,3,20,1698,1771,3720,15,7,4,0,1,0,3
542,550,1,0.5,0,16,1,23,0.1,145,2,17,486,1930,302,18,5,8,1,0,0,0
543,1778,0,0.5,0,0,1,23,0.5,101,6,11,1028,1445,3941,19,6,13,1,0,0,3
544,1926,1,1.7,1,1,1,33,0.4,172,3,2,982,1157,2488,6,1,14,1,0,0,2
545,1589,1,2.2,1,2,0,58,0.1,128,4,4,957,1911,3961,16,14,14,1,0,1,3
546,1275,1,0.5,1,3,1,5,0.2,152,1,9,19,501,3784,13,4,4,1,1,0,3
547,569,0,0.6,1,2,0,39,0.1,184,8,9,389,739,2811,7,6,7,1,0,1,1
548,825,0,2.9,1,0,0,34,0.8,99,8,17,1471,1866,2915,8,2,10,1,1,0,3
549,1218,0,1.8,1,1,1,14,0.5,147,3,4,229,616,398,17,0,5,1,0,0,0
550,899,0,0.5,1,13,1,57,0.9,172,2,18,788,1331,364,11,1,7,1,1,0,0
551,790,0,2.0,1,16,1,11,0.3,87,6,17,347,730,3169,6,1,2,1,0,1,2
552,557,0,0.5,1,3,0,17,0.2,89,6,4,322,710,2623,17,16,16,0,0,0,1
553,612,1,0.5,1,1,1,20,0.8,179,8,6,1145,1487,3282,16,2,18,1,1,1,3
554,713,0,1.6,0,4,1,63,0.7,89,2,8,103,1760,2082,15,10,12,1,0,0,1
555,1236,1,2.8,0,6,1,32,0.3,143,4,18,492,1403,942,16,12,14,1,1,1,0
556,1023,1,2.3,1,5,1,30,0.2,80,8,7,5,1744,2086,10,0,19,1,1,1,1
557,984,1,2.2,1,0,1,39,0.5,119,8,18,56,1931,2013,11,7,16,1,1,0,1
558,1897,0,3.0,0,1,1,21,0.5,192,8,2,1311,1935,273,17,6,3,1,1,1,0
559,1271,0,1.5,1,0,0,2,0.9,161,1,1,1260,1788,892,15,13,20,0,1,0,1
560,1347,0,2.9,0,5,0,44,0.6,132,1,14,434,967,2484,18,2,11,1,0,1,2
561,1414,0,2.0,1,2,0,54,0.8,99,7,3,262,829,3799,17,7,7,1,0,1,3
562,1278,1,1.2,0,10,1,60,0.6,172,7,14,1244,1504,3142,11,4,19,1,0,1,3
563,1770,1,2.3,0,0,0,9,0.6,183,6,5,1098,1373,3785,13,10,14,1,0,1,3
564,1563,0,1.7,1,10,0,16,0.1,151,7,13,410,572,3922,11,1,8,0,0,1,3
565,1633,0,1.7,1,3,1,33,0.9,111,2,19,146,906,511,9,0,7,1,1,0,0
566,1854,0,0.9,1,0,1,33,0.4,195,1,0,665,718,1675,14,12,9,1,0,1,1
567,1446,1,2.8,1,0,1,18,0.3,178,8,1,351,1769,3340,8,0,16,1,1,1,3
568,1640,1,0.7,0,10,1,21,0.8,169,7,14,589,1301,337,16,3,5,1,1,0,0
569,506,0,1.6,0,6,1,41,0.8,159,1,7,875,1025,2965,13,10,15,1,0,0,2
570,507,1,1.9,1,0,1,39,0.7,142,1,0,17,1084,2124,6,0,12,1,1,0,1
571,1486,0,2.6,0,7,0,52,0.1,85,4,15,1430,1747,297,13,1,15,0,1,0,0
572,1424,0,0.5,1,16,1,23,0.6,80,4,18,1399,1663,1053,14,11,16,1,1,1,1
573,1151,1,2.9,1,0,0,31,0.6,128,8,1,1022,1560,2377,18,8,13,0,1,0,2
574,1398,0,1.6,1,8,1,26,0.8,150,1,12,755,1284,3488,14,3,11,1,1,0,3
575,623,1,0.8,0,6,1,26,0.3,197,7,12,484,1238,1769,10,1,16,1,0,0,1
576,993,1,2.3,1,0,0,16,0.4,106,7,13,424,1639,1113,14,1,6,0,0,1,0
577,1442,0,2.2,0,0,1,56,0.7,145,5,3,1626,1668,1513,11,8,7,1,1,0,2
578,966,0,2.0,0,8,1,34,0.5,118,2,10,214,1523,3534,18,17,11,1,1,1,3
579,1562,1,1.2,1,0,1,52,0.1,105,7,9,480,728,2829,13,10,3,1,1,1,2
580,625,1,1.9,0,12,1,33,0.2,191,1,20,431,550,3801,10,6,2,1,0,0,2
581,1885,0,2.4,1,12,1,14,0.6,92,4,15,1406,1517,1277,9,6,16,1,0,1,1
582,1510,1,0.9,1,2,0,45,0.9,180,5,3,708,1752,3484,9,6,11,0,1,1,3
583,983,0,1.8,0,0,1,53,0.9,187,1,4,1001,1176,1389,17,8,8,1,1,1,1
584,1442,0,1.0,1,0,0,27,0.1,192,3,19,231,687,2227,6,5,20,1,1,0,1
585,1900,1,2.3,0,1,1,18,0.2,89,7,9,1055,1661,2871,12,1,13,1,1,1,3
586,1188,1,1.5,1,0,0,54,0.3,198,6,2,1150,1469,485,12,7,7,0,1,0,0
587,1494,0,1.6,1,4,1,24,0.2,101,1,17,979,1190,3614,15,12,9,1,0,0,3
588,1902,0,2.8,1,6,0,50,0.8,124,8,9,1142,1393,343,11,8,18,0,1,0,0
589,537,1,2.0,0,1,1,55,0.3,103,7,2,1041,1430,2029,10,5,12,1,1,1,1
590,1133,0,1.4,0,3,0,42,0.1,199,5,12,730,1543,1457,18,12,20,1,0,1,1
591,546,1,2.6,1,5,0,26,1.0,159,5,15,416,1658,1550,7,2,3,0,1,0,1
592,1883,0,1.6,0,9,0,24,0.1,87,1,16,203,915,3563,17,10,3,0,0,0,3
593,1744,0,2.8,0,0,1,62,0.7,158,1,0,621,1558,345,10,6,14,1,0,0,0
594,1969,0,0.8,1,5,1,7,0.2,85,8,20,332,764,315,16,7,7,1,1,0,0
595,1425,0,1.2,0,9,1,35,0.7,127,8,14,150,1897,590,13,2,6,1,1,1,0
596,1642,1,1.6,1,0,0,5,0.4,102,5,2,1686,1889,1333,18,0,2,0,0,1,2
597,1407,0,1.8,1,5,1,16,0.2,170,4,6,925,1206,1068,6,0,8,1,1,0,1
598,946,0,2.1,0,0,1,19,0.2,154,8,0,159,630,2104,7,4,16,1,1,0,1
599,1054,0,1.1,1,10,1,38,0.4,136,6,12,1097,1222,1675,18,4,14,1,1,1,1
600,826,1,2.4,1,0,1,58,0.3,88,4,1,179,786,2863,9,3,18,1,0,1,2
601,1221,0,0.5,0,1,1,28,0.5,139,1,7,1895,1976,2438,13,11,10,1,1,1,3
602,1793,0,2.7,0,12,1,44,0.7,175,5,17,655,1459,2803,19,9,6,1,1,1,3
603,553,0,0.5,1,2,1,23,0.5,119,3,3,993,1517,2981,7,3,14,1,0,0,2
604,848,1,1.5,1,4,1,36,0.3,151,4,16,56,527,2289,10,2,19,1,1,1,1
605,596,0,1.4,0,8,0,46,0.6,165,1,18,953,984,2505,15,4,15,1,1,0,1
606,1766,1,0.5,1,1,0,16,0.6,141,5,7,125,1227,3314,9,7,17,0,0,1,3
607,1031,1,2.1,1,2,1,11,0.1,121,2,9,532,1247,2385,11,7,16,1,0,0,2
608,1522,1,0.7,1,4,0,28,0.2,124,1,5,952,1191,1368,14,5,17,1,0,1,1
609,691,1,2.7,1,4,1,33,0.9,108,4,8,951,962,424,5,3,15,1,1,1,0
610,912,1,2.8,1,6,1,46,0.4,84,4,11,995,1310,851,8,4,4,1,1,1,0
611,947,0,0.8,1,0,1,22,0.1,197,2,13,1176,1220,2842,16,12,2,1,0,0,2
612,1530,0,2.0,0,11,0,42,0.8,177,6,13,454,1975,725,11,10,19,0,0,1,0
613,1755,1,1.3,0,0,1,24,0.1,134,7,2,286,1075,3937,8,1,7,1,0,1,3
614,1938,1,0.5,1,5,0,44,0.5,121,2,9,1299,1935,3497,18,10,18,0,1,0,3
615,1954,0,0.5,1,0,0,24,0.8,187,4,0,512,1149,700,16,3,5,1,1,1,0
616,880,0,0.5,1,1,0,44,0.5,172,8,15,436,1302,3132,8,7,6,0,1,1,2
617,1661,0,1.9,1,5,0,23,1.0,172,5,10,846,1634,2676,12,6,11,0,1,1,3
618,1039,0,1.3,0,0,1,12,0.8,200,8,0,1428,1827,1619,7,1,10,1,1,1,1
619,1277,0,3.0,0,0,1,41,0.3,200,4,3,902,1090,429,9,4,14,1,1,1,0
620,1068,0,0.7,1,9,0,51,0.5,124,4,15,1405,1910,550,12,8,6,1,1,0,0
621,875,1,1.4,1,1,1,43,0.6,104,8,3,902,969,3396,14,2,18,1,0,0,3
622,1265,0,0.6,1,4,1,49,0.5,90,1,5,275,687,1518,16,11,8,1,0,1,1
623,1855,0,0.5,0,5,0,32,0.6,187,8,18,267,1161,3933,7,0,7,1,0,1,3
624,1325,1,0.5,0,0,1,13,1.0,133,4,8,1353,1915,3707,19,3,18,1,1,0,3
625,1063,1,1.1,0,0,1,26,0.8,101,5,2,1208,1232,3809,17,16,5,1,0,1,3
626,999,0,2.9,1,11,1,64,0.2,199,4,19,1397,1616,2593,14,11,16,1,1,0,2
627,625,0,2.7,1,2,0,42,0.8,138,8,3,203,1771,2929,10,4,17,1,0,0,2
628,512,1,0.5,1,7,0,15,0.9,83,3,15,249,1849,2610,18,14,15,0,1,1,2
629,554,1,1.3,0,0,0,12,0.1,105,6,10,85,806,3764,10,7,4,0,1,1,2
630,916,1,0.5,0,0,1,47,0.2,82,4,1,1147,1393,1659,11,10,11,1,1,0,1
631,1035,0,0.5,1,14,1,49,0.3,178,2,15,574,1171,3991,12,4,19,1,0,0,3
632,536,1,1.4,0,0,1,53,0.7,135,3,0,547,705,1211,15,10,7,1,0,1,0
633,1396,0,1.5,1,0,1,44,0.1,118,6,1,173,1843,1386,7,1,8,1,1,1,1
634,1661,1,0.8,1,1,1,6,1.0,109,7,2,594,1337,864,9,8,2,1,0,1,1
635,1794,1,0.5,1,5,1,55,0.5,86,7,7,43,627,402,14,7,14,1,0,1,0
636,541,1,2.3,0,4,0,51,0.4,200,8,17,1012,1226,403,11,2,12,0,0,0,0
637,1776,0,2.2,0,2,0,20,0.9,82,6,16,1563,1803,2671,15,10,12,0,1,1,3
638,730,0,1.5,0,9,0,9,0.7,122,4,15,1371,1677,2787,10,8,7,1,0,1,2
639,1130,1,0.5,1,1,1,29,0.7,130,1,14,593,1327,432,6,1,10,1,1,1,0
640,730,1,0.5,1,3,1,27,0.1,112,5,10,62,846,3623,9,4,15,1,1,0,2
641,755,1,2.8,0,5,1,51,0.3,186,4,12,315,990,2734,10,1,16,1,0,1,2
642,1732,0,0.8,0,2,0,61,0.3,172,5,3,201,656,3940,17,11,20,0,1,1,3
643,1872,1,2.3,0,6,0,44,0.7,134,3,15,459,1259,1955,9,4,15,1,0,1,2
644,1365,0,0.6,0,0,1,31,0.3,125,4,0,293,970,1300,14,7,13,1,0,1,0
645,1046,1,2.8,1,0,1,58,0.2,100,8,0,259,1040,3863,17,12,9,1,1,1,3
646,1157,1,0.8,0,7,0,27,0.1,88,8,8,1694,1798,2885,8,4,2,1,0,1,3
647,1403,0,2.7,0,2,1,26,0.1,164,5,3,461,1251,3371,13,9,9,1,0,1,3
648,1211,1,1.2,0,0,0,28,0.3,130,2,3,58,963,2750,6,1,14,0,1,0,2
649,582,0,0.5,1,3,0,27,0.2,168,3,10,985,1420,2437,19,2,2,1,1,1,2
650,1747,1,0.9,0,6,1,48,0.7,94,3,19,947,1131,2362,17,2,19,1,1,0,2
651,1820,1,1.4,0,5,0,51,0.9,163,7,10,202,1884,2481,11,9,11,0,0,0,2
652,1744,1,1.0,0,1,1,20,0.5,112,8,3,68,718,1205,18,7,14,1,0,0,1
653,1541,1,2.8,1,10,1,28,0.2,165,5,15,796,1052,1108,12,1,7,1,0,1,1
654,1596,0,2.9,1,7,0,7,0.7,149,2,9,169,1190,2493,14,12,13,1,1,1,2
655,623,0,1.4,1,0,1,15,0.2,189,3,1,778,844,3510,14,4,18,1,0,1,2
656,1929,1,0.5,1,0,1,19,1.0,163,6,2,349,1051,1913,12,7,6,1,1,0,1
657,543,1,0.5,1,4,1,60,0.7,132,5,7,693,1031,933,14,0,5,1,1,0,0
658,768,1,0.9,0,16,1,56,0.1,113,1,20,418,515,952,19,3,16,1,0,1,0
659,645,0,1.2,0,6,1,41,0.7,184,8,17,741,1130,714,18,2,13,1,1,0,0
660,916,1,2.6,0,0,0,36,0.3,195,4,12,188,992,1470,13,0,14,0,1,0,0
661,1002,0,0.8,1,0,1,35,0.5,83,2,4,1345,1416,1726,16,5,19,1,0,1,1
662,1905,0,0.6,1,9,1,36,0.4,119,3,20,825,1542,1287,13,4,16,1,0,0,1
663,797,1,2.9,1,4,0,38,0.5,90,4,6,763,1413,590,9,2,6,0,1,0,0
664,1575,0,2.5,1,0,1,11,0.2,185,7,20,492,818,2182,7,3,17,1,1,0,2
665,1991,1,1.8,0,11,0,9,0.7,94,3,12,751,1377,1511,17,8,9,0,0,0,1
666,936,1,2.3,0,5,1,57,0.2,129,2,6,657,938,2049,12,8,5,1,1,0,1
667,1366,1,0.7,1,0,1,34,0.1,150,2,9,402,964,3501,13,11,3,1,0,0,3
668,1689,0,1.8,0,17,0,24,0.3,127,3,18,954,1200,2766,7,2,7,0,1,1,3
669,1830,1,0.5,0,5,0,14,0.8,160,6,6,773,1353,1905,16,3,19,1,1,1,2
670,1278,1,0.5,1,1,0,54,0.1,104,8,16,581,750,1155,7,1,20,0,0,1,0
671,561,1,2.8,1,2,1,40,0.1,99,7,6,426,865,2974,15,12,19,1,0,1,2
672,899,1,2.7,0,3,1,53,0.3,192,4,11,641,1638,2870,19,16,10,1,0,1,2
673,1897,1,1.9,0,2,1,54,0.3,154,2,7,630,738,412,17,11,2,1,0,0,0
674,1323,1,2.5,1,10,1,28,0.2,131,4,12,162,619,1892,10,0,15,1,1,1,1
675,1619,1,0.9,0,3,0,20,0.9,117,6,9,813,1180,464,7,5,16,1,0,1,0
676,1576,1,2.0,0,0,1,20,0.6,148,3,0,410,1551,1379,17,1,16,1,0,1,1
677,1821,1,1.2,0,13,1,44,0.6,141,2,14,1208,1212,1411,8,2,15,1,1,0,1
678,1191,0,1.3,1,16,1,26,0.8,84,1,20,681,683,1604,14,3,9,1,0,1,1
679,732,1,2.3,1,7,1,39,0.6,188,7,11,1163,1554,3681,19,3,15,1,1,1,3
680,763,0,1.7,1,8,1,2,0.5,92,8,14,1028,1186,1050,6,4,8,1,1,0,0
681,759,0,2.5,0,3,1,39,0.3,162,2,8,110,1317,968,6,2,2,1,0,0,0
682,866,0,0.5,1,5,1,46,0.5,179,8,7,692,1686,3825,12,11,2,1,1,1,3
683,1940,1,1.0,1,0,1,5,0.2,194,4,1,588,1809,820,19,18,3,1,1,1,1
684,1179,1,0.8,0,1,0,5,0.9,154,5,17,913,1429,543,8,7,18,0,0,1,0
685,1595,0,1.9,1,1,0,63,0.9,88,1,20,1475,1988,908,18,13,6,0,0,1,1
686,851,0,0.5,0,3,0,21,0.4,200,5,7,1171,1263,478,12,7,10,1,0,1,0
687,730,1,1.3,1,6,0,6,0.9,167,7,10,1096,1155,2812,10,1,17,0,0,0,2
688,614,0,2.9,1,3,1,24,0.2,94,4,7,409,603,1930,13,12,4,1,0,1,1
689,1206,0,3.0,1,10,1,30,0.6,127,3,13,1581,1713,1825,7,1,4,1,0,1,2
690,563,0,2.0,1,3,0,47,0.3,115,7,12,211,684,3012,14,4,15,1,0,0,2
691,926,1,0.8,0,6,1,59,0.8,161,7,14,84,793,256,18,7,2,1,0,1,0
692,825,1,0.5,1,7,0,52,0.9,130,3,10,597,863,3534,10,4,6,0,1,0,3
693,786,0,2.2,1,0,0,33,0.5,141,7,6,507,1697,2390,12,11,5,1,0,1,2
694,702,0,2.6,1,2,1,9,0.7,141,3,3,504,1570,2955,10,4,19,1,0,0,2
695,1504,0,1.5,0,12,1,34,0.7,142,8,15,507,973,2806,7,2,7,1,0,1,2
696,1379,0,1.1,1,1,1,18,0.2,129,2,16,838,885,2358,10,5,15,1,1,0,2
697,999,0,1.7,0,6,0,49,0.6,132,1,17,608,1970,1598,7,0,8,0,1,0,1
698,1245,1,0.6,0,2,0,30,0.7,105,5,3,330,1434,2676,17,8,7,1,0,0,2
699,805,1,0.7,0,0,0,64,0.1,97,4,14,641,704,418,11,6,17,0,1,1,0
700,1694,1,0.6,0,0,1,34,0.3,102,7,7,377,549,2298,17,5,2,1,1,0,2
701,831,0,1.7,1,7,1,26,0.7,177,5,11,511,621,1704,6,5,20,1,1,1,0
702,1564,0,1.5,1,1,0,42,0.7,108,2,2,1619,1962,3376,7,0,7,0,1,0,3
703,774,0,0.5,1,2,1,10,0.5,188,2,9,1480,1731,2944,8,6,2,1,1,1,2
704,1524,1,1.8,1,0,0,10,0.6,174,4,1,154,550,2678,16,5,13,1,0,1,2
705,1908,0,0.5,0,9,1,30,1.0,111,2,19,140,1046,2944,19,17,17,1,0,1,3
706,752,0,0.5,1,1,0,48,0.7,87,7,13,164,728,3860,7,5,16,0,0,0,3
707,1944,1,0.5,0,5,1,36,0.1,197,6,18,1060,1970,584,17,14,13,1,1,0,1
708,557,1,1.6,0,0,0,24,0.5,125,3,0,1131,1315,1305,12,8,3,1,0,1,0
709,1839,1,1.2,0,9,1,54,0.5,200,7,11,475,1493,927,19,10,18,1,0,1,1
710,564,0,1.8,1,0,1,51,0.5,168,3,1,912,1980,1074,14,8,15,1,1,0,0
711,1835,1,2.3,0,4,1,11,0.1,193,7,13,385,583,448,18,17,14,1,0,0,0
712,999,1,1.8,1,0,1,27,0.1,167,4,1,20,745,1344,17,10,5,1,0,0,0
713,1848,0,1.3,1,7,0,12,0.1,178,2,19,195,533,3915,9,7,8,0,0,1,3
714,717,1,0.5,1,4,0,10,0.6,198,1,5,217,1106,688,10,7,15,0,1,0,0
715,1956,0,2.2,0,0,1,37,0.5,87,3,2,185,776,1109,13,1,19,1,1,0,1
716,852,1,1.6,1,6,1,54,0.4,147,5,7,538,730,1275,13,7,12,1,0,1,0
717,539,0,2.0,1,1,0,24,0.5,86,4,2,958,967,1326,7,4,3,1,1,0,0
718,1708,0,0.8,0,8,1,14,0.9,197,4,16,263,1345,1247,19,16,16,1,0,0,1
719,831,0,2.4,0,10,0,55,0.5,86,6,12,172,1239,1075,12,11,3,1,1,0,0
720,1042,0,2.7,1,16,1,50,0.8,93,7,18,727,1705,3215,18,0,20,1,1,1,3
721,1414,1,1.5,1,5,0,44,0.5,180,2,6,44,1118,3490,16,12,13,0,1,0,3
722,612,1,1.9,1,6,0,16,0.3,102,7,7,1360,1891,3161,8,4,3,0,0,0,3
723,932,0,1.3,0,1,0,64,0.7,154,7,2,1176,1224,3817,8,7,9,1,1,1,3
724,1957,0,1.2,1,18,1,36,0.8,151,2,19,1194,1727,1115,16,2,18,1,0,1,1
725,1807,1,0.5,1,2,1,61,0.1,134,6,6,1734,1968,3726,8,5,15,1,0,0,3
726,1512,1,1.7,0,12,0,6,0.7,162,7,17,205,884,2335,15,7,7,1,1,1,2
727,1745,0,2.9,0,0,1,3,0.9,105,3,0,426,1629,1308,5,0,2,1,1,0,1
728,1648,1,0.5,0,1,1,17,0.9,142,2,3,1119,1238,1184,6,2,2,1,0,1,1
729,848,1,2.8,0,1,0,8,0.1,103,7,3,7,1294,436,10,6,15,1,1,1,0
730,504,1,0.5,1,2,1,46,0.9,172,5,14,280,1795,2085,13,5,8,1,0,0,1
731,819,1,2.5,1,0,1,11,0.2,83,8,1,438,822,1094,10,5,15,1,0,0,0
732,1083,1,1.4,1,2,1,49,0.8,156,5,9,295,503,1338,16,8,5,1,1,1,0
733,1572,0,0.6,0,0,1,58,0.2,157,7,8,1109,1937,2462,12,8,10,1,0,0,3
734,1424,1,2.9,1,0,0,20,0.6,180,5,0,181,1199,2658,15,0,19,1,0,0,2
735,1579,1,1.5,0,0,0,27,0.2,142,6,18,831,1484,1713,16,4,10,1,1,1,1
736,1448,0,1.4,1,13,0,26,1.0,156,3,16,1792,1850,1175,12,9,6,0,1,0,1
737,1002,0,2.6,1,7,0,27,0.1,146,1,10,115,1111,1295,18,15,17,1,0,1,0
738,857,1,2.0,1,3,0,17,0.2,195,7,9,157,948,3100,17,5,13,1,1,0,2
739,1178,0,2.2,1,6,0,57,0.3,84,3,17,96,1352,2492,16,14,10,1,1,0,2
740,1701,1,1.6,1,3,0,10,0.3,194,8,7,550,1338,2598,12,9,6,0,1,0,2
741,1445,1,2.4,1,7,1,20,0.4,173,7,15,1273,1345,1441,7,4,13,1,1,1,1
742,801,1,2.2,1,2,0,63,0.4,165,7,4,650,879,1617,17,4,19,0,0,1,1
743,913,0,1.7,1,1,1,41,0.3,103,1,14,431,1144,2278,15,3,18,1,1,0,1
744,1647,0,1.4,1,3,1,38,0.3,102,6,15,193,1185,2532,16,14,15,1,0,1,2
745,1180,1,2.5,0,0,1,27,0.1,90,6,1,168,540,348,7,5,19,1,1,1,0
746,1498,1,0.7,0,3,1,8,0.1,170,7,4,347,1076,3358,7,3,19,1,0,0,3
747,1097,0,0.8,0,10,1,21,0.1,160,7,15,1277,1352,2219,15,6,12,1,0,1,2
748,833,1,0.6,1,0,1,27,0.3,145,4,2,649,1290,586,19,8,19,1,0,1,0
749,919,0,0.5,1,11,0,13,0.3,159,1,15,275,570,1028,8,4,17,1,0,0,0
750,673,1,1.9,0,13,1,35,0.4,142,6,14,1096,1570,3541,18,17,4,1,0,1,3
751,950,0,0.5,0,6,1,55,0.1,124,8,7,86,1681,1305,6,5,4,1,0,1,0
752,897,0,1.4,1,1,0,17,0.4,171,1,2,547,1852,2948,12,3,5,0,0,1,2
753,1103,0,1.0,1,6,0,29,0.7,111,6,8,990,1486,1837,8,7,16,0,1,1,1
754,1641,0,1.1,0,6,0,48,0.7,97,8,7,224,1994,1695,13,6,17,1,0,1,2
755,1490,1,0.5,1,4,1,64,0.3,150,8,8,1417,1464,3600,17,9,7,1,1,1,3
756,987,1,2.3,0,9,0,17,0.8,124,7,17,887,1274,3885,11,0,14,1,1,0,3
757,1680,1,1.2,1,6,1,37,0.7,168,4,7,679,1231,1459,15,3,2,1,1,0,1
758,1030,1,0.5,0,4,1,37,0.7,147,1,8,503,551,2800,8,6,12,1,0,1,2
759,774,1,0.6,1,2,1,8,0.4,136,1,4,1713,1865,2614,7,0,14,1,1,1,2
760,947,1,0.5,0,1,1,51,0.1,144,2,15,193,887,2915,17,1,6,1,1,1,2
761,1611,1,0.5,1,11,0,3,0.6,98,3,14,303,714,1595,8,4,9,1,0,1,1
762,873,1,0.5,1,6,0,8,0.6,152,7,9,1257,1411,575,15,8,7,1,0,1,0
763,1822,0,1.2,0,0,0,8,0.2,195,6,0,172,910,2577,9,5,8,1,1,0,2
764,603,1,0.7,1,0,1,64,0.2,156,6,0,1842,1968,604,10,4,8,1,1,1,0
765,777,1,2.6,0,3,0,30,0.9,148,5,17,189,1143,3886,14,10,7,1,0,0,3
766,1510,1,2.5,1,11,0,47,0.7,138,2,13,118,1170,887,18,6,5,0,0,0,0
767,1540,0,0.7,1,1,0,60,0.8,197,7,12,704,822,1591,19,0,2,1,0,1,1
768,1264,0,2.9,1,2,1,34,0.2,171,3,3,562,849,419,7,4,3,1,1,1,0
769,826,0,0.5,1,0,1,57,0.5,135,2,0,354,530,323,17,3,7,1,0,1,0
770,1172,0,1.9,0,0,1,27,0.7,164,1,3,607,1092,1477,12,0,6,1,0,0,1
771,1558,1,2.4,0,0,1,27,0.1,146,1,1,120,1409,3598,9,2,12,1,0,1,3
772,694,1,1.8,1,15,0,36,0.4,193,4,20,983,1230,3676,12,8,5,1,0,1,3
773,710,1,0.5,0,6,0,32,0.8,151,5,9,485,857,1419,12,11,18,0,1,0,0
774,1479,1,1.8,1,0,1,24,0.1,146,6,0,327,645,3762,12,10,5,1,0,0,3
775,1454,0,2.6,0,8,0,6,0.4,199,3,20,698,1018,1300,10,0,2,0,0,1,1
776,1619,1,1.9,0,2,1,21,0.4,138,1,9,46,562,1641,7,2,13,1,0,0,1
777,767,0,0.8,0,7,1,10,0.5,107,4,12,517,1995,2317,6,0,12,1,1,1,2
778,831,1,0.7,0,2,1,62,0.7,134,8,9,1482,1490,2573,16,12,18,1,0,1,2
779,1199,1,2.5,1,15,1,16,0.2,116,4,20,1168,1552,3448,17,13,10,1,0,1,3
780,616,1,2.2,0,3,1,21,0.8,150,7,4,347,513,3267,17,9,19,1,0,0,2
781,797,0,2.2,1,0,0,37,0.9,144,7,2,206,1167,2216,9,5,6,1,0,0,1
782,772,0,2.6,1,7,0,6,0.1,100,2,10,741,1471,929,13,6,18,0,1,1,0
783,1976,1,2.6,1,6,0,45,1.0,136,4,19,652,1933,2470,11,1,3,0,0,0,3
784,617,1,2.3,0,0,0,32,0.5,199,7,20,768,874,2213,18,13,7,0,0,0,1
785,1035,1,1.9,1,8,0,11,1.0,173,6,10,831,1709,2002,17,8,5,1,1,0,1
786,1201,1,0.5,0,1,1,10,0.4,198,6,5,1151,1723,726,11,4,3,1,1,0,0
787,948,0,1.5,1,6,0,18,0.3,119,4,7,340,1728,2926,17,13,9,1,1,1,2
788,1485,0,2.8,0,3,1,44,0.1,138,4,14,341,774,3271,14,12,8,1,1,0,3
789,615,1,0.5,1,7,0,58,0.5,130,5,8,1021,1958,1906,14,5,5,1,0,0,1
790,539,0,1.5,0,6,1,26,0.2,137,6,8,1123,1709,3948,18,11,15,1,1,1,3
791,1983,1,0.5,1,3,0,43,1.0,87,6,10,349,676,2775,9,4,3,0,1,1,2
792,1582,0,2.8,0,2,1,44,0.5,112,6,13,1486,1797,3890,17,10,10,1,1,1,3
793,1417,1,0.5,0,10,1,45,0.9,166,4,19,364,1029,2129,13,9,12,1,0,1,1
794,1023,1,0.7,0,2,1,63,0.7,153,7,8,367,1985,3155,11,10,7,1,1,1,3
795,1125,1,2.7,0,10,0,23,0.4,117,1,14,774,939,1641,14,8,12,1,1,0,1
796,1604,1,1.9,1,0,1,63,0.6,93,5,2,641,1156,1464,15,9,20,1,1,0,1
797,817,0,1.3,0,0,0,11,0.5,144,3,11,722,766,2039,11,6,19,0,1,0,1
798,1410,1,0.5,1,0,1,15,0.3,92,3,1,192,1311,2304,18,4,18,1,1,0,2
799,1112,0,0.5,0,0,1,12,0.9,190,4,6,777,1119,3302,11,0,20,1,1,1,3
800,1449,1,0.5,1,0,0,52,0.6,105,6,0,211,947,2036,5,1,10,0,1,0,1
801,1531,0,2.0,0,0,1,60,0.4,162,6,1,625,765,2524,13,11,7,1,0,0,2
802,1926,1,1.1,0,13,1,50,0.2,179,6,17,371,1000,3809,17,12,17,1,1,0,3
803,1095,1,2.6,1,0,1,44,0.7,103,4,5,838,1066,3209,13,11,8,1,1,1,3
804,1373,1,1.0,1,2,0,50,0.2,127,7,12,105,673,3800,8,3,14,1,0,0,3
805,1184,0,1.5,1,1,1,48,0.6,191,1,6,519,1577,3315,17,7,14,1,1,1,3
806,1944,0,0.6,1,9,1,59,0.2,132,7,10,634,1079,769,19,13,3,1,0,1,0
807,1905,1,0.5,0,3,1,6,0.5,151,1,5,849,898,1545,9,5,10,1,1,0,1
808,844,0,2.2,1,1,1,22,0.9,197,7,2,777,1995,3154,14,11,7,1,0,0,3
809,1212,0,2.6,0,1,1,46,0.3,102,4,8,611,1715,2249,14,3,4,1,1,1,2
810,695,0,0.5,0,18,1,12,0.6,196,2,19,1649,1829,2855,16,13,7,1,1,1,2
811,1005,0,0.5,0,0,0,46,0.4,133,8,17,176,1556,3884,17,0,20,0,1,1,3
812,1163,0,2.8,1,0,0,49,0.6,155,2,0,520,754,2768,19,2,12,0,0,1,2
813,508,0,1.6,1,0,0,9,0.4,162,6,2,1419,1920,2616,18,8,10,1,1,1,2
814,1099,0,0.5,0,13,1,61,0.3,146,3,20,393,1096,1699,17,10,3,1,1,1,1
815,1445,0,2.2,1,2,0,37,0.4,82,2,6,527,1393,3480,17,16,17,1,1,1,3
816,1004,1,2.9,1,0,0,35,0.2,141,6,9,901,1162,3772,17,8,18,0,1,1,3
817,1296,0,0.9,1,0,1,14,0.5,124,5,3,811,1272,490,7,1,4,1,1,1,0
818,1000,0,2.7,0,1,1,58,1.0,135,5,12,461,833,862,7,0,20,1,0,0,0
819,1130,1,2.5,0,4,1,58,0.1,132,5,14,88,1261,1018,17,1,16,1,0,0,0
820,1561,1,1.6,1,1,1,27,0.8,174,3,10,662,874,1205,12,7,3,1,1,0,1
821,1441,0,0.6,1,0,1,53,0.5,106,1,12,254,954,1393,9,4,4,1,1,1,1
822,676,0,2.2,0,1,1,39,0.2,84,1,5,864,1011,2064,13,7,6,1,0,0,1
823,1939,1,2.8,1,0,1,55,0.6,199,4,10,320,520,1047,14,10,18,1,1,0,0
824,912,0,0.7,0,3,0,47,0.9,182,3,6,724,794,1321,7,2,6,0,1,1,0
825,541,0,1.0,0,0,1,10,0.4,127,4,0,1836,1873,1019,19,9,15,1,1,0,1
826,793,1,2.8,1,1,1,64,0.4,179,4,2,818,1006,2296,12,0,5,1,1,0,1
827,1860,1,2.3,0,15,0,23,0.6,162,4,16,1362,1506,3918,9,2,8,0,1,0,3
828,1349,1,2.2,1,5,0,55,0.1,105,7,7,648,1019,2462,15,7,17,1,0,1,2
829,570,1,0.5,1,2,0,9,0.3,111,7,5,1331,1917,3663,14,10,14,0,0,0,3
830,1329,1,1.7,0,5,1,23,0.6,198,8,6,380,682,2308,11,10,9,1,1,0,1
831,1197,0,1.3,0,3,1,20,0.5,149,6,7,649,1629,1797,19,5,4,1,1,1,1
832,1344,0,1.5,0,1,0,14,0.5,190,1,3,419,556,2074,8,1,5,1,1,0,1
833,1895,0,0.5,0,2,1,5,0.7,134,1,11,725,1335,774,15,4,6,1,1,0,1
834,608,1,0.5,1,0,0,64,0.9,94,4,0,4,1351,2517,16,8,7,1,1,1,1
835,518,1,2.4,0,0,1,62,0.6,128,6,0,489,710,2514,16,12,7,1,1,1,1
836,1576,0,2.6,0,7,0,58,0.2,90,3,16,400,631,336,14,8,13,1,1,1,0
837,1614,0,1.9,0,8,1,55,0.3,188,3,17,860,1330,3914,17,13,13,1,0,0,3
838,1588,1,2.5,0,12,1,4,0.3,148,5,20,146,822,2506,5,3,11,1,0,0,2
839,1866,1,2.5,1,3,1,47,0.8,89,5,9,358,1782,1444,7,4,20,1,0,0,1
840,1207,0,0.5,0,0,0,58,0.3,112,8,0,406,681,503,7,3,5,1,1,0,0
841,1991,0,2.8,0,3,1,15,0.1,181,1,13,298,1037,1861,8,5,17,1,1,1,1
842,1638,0,1.0,0,6,0,2,0.2,189,1,11,440,563,2299,19,9,9,1,1,1,2
843,1089,1,0.9,1,12,1,2,0.7,145,5,15,636,1259,2765,13,12,10,1,0,1,2
844,1062,0,0.5,0,3,1,39,0.9,124,4,4,571,817,1345,16,0,11,1,0,1,0
845,874,0,1.3,0,5,0,8,0.5,185,1,20,442,1248,582,6,4,15,0,0,0,0
846,1762,0,0.6,0,3,1,26,0.1,83,6,14,525,704,2661,9,7,4,1,1,0,2
847,902,1,0.6,1,0,0,63,0.7,122,5,14,364,1360,3654,18,8,15,0,1,1,3
848,1880,1,1.8,0,4,1,18,0.7,138,3,5,71,699,3333,17,15,7,1,0,0,3
849,1814,0,1.4,1,1,1,9,0.4,141,2,2,756,786,3556,18,12,16,1,0,0,3
850,507,1,0.5,1,1,0,32,0.5,141,7,11,936,1398,1702,17,0,5,1,1,1,1
851,1900,1,2.0,1,1,0,41,0.5,190,8,6,912,1596,850,5,1,4,1,1,1,1
852,1723,1,1.1,1,1,0,42,1.0,164,8,14,202,1791,3587,10,5,3,1,0,0,3
853,1392,0,2.5,0,0,1,44,0.7,113,4,2,482,1098,1280,8,1,16,1,0,1,1
854,1254,0,1.2,1,2,0,50,0.7,108,5,6,462,1013,3959,10,4,17,1,1,0,3
855,763,1,0.5,0,9,1,51,0.3,104,5,12,273,1278,2865,11,6,9,1,1,1,2
856,1469,0,1.7,1,11,1,44,0.5,169,2,14,484,711,1687,15,5,5,1,1,1,1
857,1117,0,0.5,0,1,0,12,0.6,144,7,8,798,817,2895,7,6,16,1,1,0,2
858,1913,1,1.8,0,0,0,29,0.6,111,5,4,675,742,2023,17,13,8,1,1,0,2
859,1191,0,2.4,1,2,0,13,0.9,169,1,7,179,1813,1028,14,6,8,1,1,1,0
860,1945,0,1.6,0,4,0,21,0.7,113,3,10,280,895,3015,6,1,15,0,0,0,3
861,733,0,2.1,0,5,1,7,0.2,174,7,10,445,1409,1403,15,8,2,1,1,0,0
862,1714,0,0.5,1,7,0,31,0.4,120,2,10,287,627,3707,5,1,19,0,0,1,3
863,727,1,1.5,0,0,1,32,1.0,131,7,1,813,1377,1891,19,13,7,1,0,1,1
864,1520,0,0.5,0,1,1,24,0.7,199,5,8,109,1909,3233,13,3,4,1,0,1,3
865,1539,1,2.6,0,0,0,41,0.1,159,8,0,1112,1666,2107,15,9,10,1,0,1,2
866,1452,1,0.5,1,1,1,25,0.9,123,6,11,42,1040,2669,12,10,13,1,0,0,2
867,869,0,1.9,0,0,0,2,0.6,197,7,3,519,533,3249,19,0,12,0,0,1,2
868,601,1,1.7,1,3,1,6,0.8,169,4,11,818,1827,2651,14,8,9,1,0,1,2
869,1702,1,0.5,1,8,0,2,0.6,185,6,19,921,1351,435,12,9,3,0,1,1,0
870,1150,1,2.7,0,0,0,39,0.4,151,8,1,397,800,999,6,2,11,1,1,0,0
871,1000,1,0.5,0,12,0,63,0.7,179,8,18,1537,1761,3744,11,1,7,0,0,1,3
872,1715,1,0.5,1,1,1,18,0.1,96,6,3,674,1375,2598,17,2,3,1,0,0,3
873,925,1,2.1,0,9,0,56,0.2,196,1,14,1262,1520,2466,8,0,5,1,0,0,2
874,835,0,0.8,1,2,1,42,0.8,128,5,18,396,1378,2583,15,2,13,1,1,1,2
875,1876,0,1.3,1,9,1,64,1.0,98,3,19,600,1211,3132,17,0,2,1,1,1,3
876,816,1,0.5,0,4,0,14,0.9,198,3,13,149,558,1018,17,10,15,1,0,0,0
877,936,0,0.5,1,14,1,14,0.1,164,3,17,150,1677,3761,13,1,12,1,0,0,3
878,652,1,2.4,1,9,1,17,0.7,173,5,11,77,559,1974,12,10,12,1,0,0,0
879,518,0,0.8,1,0,0,3,0.1,178,7,1,437,1947,2832,5,0,8,1,0,1,2
880,965,1,1.4,0,1,0,13,0.9,197,8,2,645,1275,2343,17,12,15,1,0,0,2
881,688,0,2.5,1,0,0,57,0.8,131,7,3,426,1964,3745,17,1,4,0,1,0,3
882,1899,1,0.6,0,0,0,26,0.1,151,2,0,96,814,336,13,11,4,1,0,1,0
883,513,1,0.5,0,6,1,44,0.1,186,4,12,619,867,1343,5,1,9,1,1,0,0
884,1265,0,1.5,0,7,0,49,0.7,182,5,16,690,836,1362,5,0,12,0,0,1,1
885,1412,1,2.4,0,5,0,25,0.8,96,8,17,516,1894,837,15,9,4,0,0,1,1
886,1686,1,2.8,1,3,0,38,0.1,166,4,4,397,1453,2958,14,11,2,0,0,0,3
887,1564,0,1.4,0,5,1,26,0.1,129,6,16,117,1115,3742,13,3,13,1,1,0,3
888,1928,1,1.8,0,9,1,19,1.0,187,3,20,691,1580,3777,7,2,13,1,1,1,3
889,1225,1,2.4,0,0,0,15,0.1,155,5,0,840,982,1970,16,8,15,1,1,0,1
890,1703,1,0.5,0,0,1,22,0.6,192,1,0,286,1235,1046,5,4,13,1,0,1,0
891,618,1,1.0,0,9,1,13,0.1,80,4,15,591,724,1424,15,12,7,1,1,0,0
892,852,0,1.8,1,5,1,8,0.8,160,5,9,683,1349,315,7,6,20,1,0,0,0
893,1414,0,0.5,0,0,1,15,0.8,168,2,0,294,1233,1069,18,6,14,1,0,0,0
894,1840,0,0.5,1,12,0,34,0.7,142,1,16,311,1545,1078,8,0,10,0,0,0,1
895,1563,0,2.4,0,0,1,24,0.2,170,8,0,142,1699,3660,7,5,5,1,1,0,3
896,1527,0,2.7,0,10,1,60,0.1,154,5,14,526,1116,2078,5,3,11,1,1,1,2
897,1333,0,1.4,0,3,1,59,0.7,183,7,5,394,1301,3442,18,16,5,1,1,0,3
898,1741,1,1.8,0,0,0,14,0.7,143,8,0,730,1895,3387,11,3,3,1,0,0,3
899,854,0,0.5,0,2,0,30,0.5,125,8,5,518,1152,2889,5,2,11,0,0,1,2
900,1414,1,2.2,1,0,1,49,0.5,101,4,1,130,887,2290,13,0,12,1,1,0,1
901,671,0,0.9,1,10,0,30,0.7,105,7,17,852,1182,2504,6,4,15,1,0,0,2
902,989,1,1.6,1,11,1,24,0.6,156,8,17,614,679,2819,16,13,5,1,0,1,2
903,1402,1,0.6,1,3,0,46,0.3,87,7,12,1081,1767,347,17,0,12,1,0,1,0
904,510,1,2.0,1,5,1,45,0.9,168,6,16,483,754,3919,19,4,2,1,1,1,3
905,921,1,2.2,1,12,1,10,0.1,170,7,18,1272,1469,3153,8,2,11,1,1,0,3
906,561,1,1.0,0,0,0,11,0.1,163,8,10,492,1176,3421,16,2,5,1,1,1,2
907,892,1,0.5,0,0,1,47,0.4,94,1,18,655,1782,1241,12,3,9,1,0,1,1
908,1648,0,0.7,0,6,1,64,0.8,170,4,9,1153,1876,610,8,1,6,1,1,0,1
909,1778,0,1.4,1,3,1,45,1.0,132,4,17,88,516,1624,15,13,9,1,1,0,1
910,1517,0,0.5,0,6,1,48,0.6,143,5,14,802,1489,2822,15,5,11,1,1,1,3
911,586,0,0.5,1,1,0,57,0.3,188,2,5,1226,1389,3646,15,4,11,1,1,1,3
912,1998,1,1.2,0,8,0,31,0.6,196,8,19,50,1356,2311,17,9,18,1,1,0,2
913,1057,0,2.1,0,4,0,5,0.5,154,5,13,416,1055,3705,6,4,13,1,0,0,3
914,1832,0,0.7,0,2,0,2,0.6,90,7,6,186,654,2978,18,7,18,0,0,0,2
915,1713,0,2.5,1,1,0,27,0.9,127,7,3,729,974,2406,13,10,20,1,0,1,2
916,1366,1,1.7,1,5,1,53,0.2,161,5,9,647,1876,3869,17,5,14,1,0,1,3
917,1306,1,2.1,1,2,1,33,0.4,174,3,9,867,1258,2521,6,5,16,1,0,0,2
918,1261,0,0.5,0,3,1,52,0.3,86,2,9,605,1429,1365,9,3,16,1,0,1,1
919,1368,1,1.6,1,4,0,9,0.1,115,7,7,843,1145,2941,13,12,17,0,1,0,3
920,1844,1,2.3,1,1,0,51,0.7,158,8,3,533,882,1724,5,1,14,0,1,1,1
921,1753,0,1.2,0,8,1,12,0.9,113,7,17,387,1595,1445,17,16,12,1,1,1,1
922,1554,0,2.8,1,7,0,23,0.1,105,6,18,699,1492,2184,13,9,20,1,0,1,2
923,1615,0,0.5,0,14,0,15,0.1,132,4,16,622,1256,3488,16,2,3,0,0,1,3
924,555,1,0.5,1,2,0,17,0.2,163,5,12,956,1010,343,19,14,3,0,1,1,0
925,1242,1,2.4,0,8,0,28,0.2,166,4,9,315,1796,318,11,10,19,1,0,0,0
926,860,1,1.3,1,1,1,49,0.7,141,6,13,692,979,3869,16,14,20,1,1,1,3
927,1976,1,0.7,1,4,0,32,0.8,171,2,7,1301,1922,3699,17,11,13,0,1,1,3
928,1117,1,0.5,1,2,0,21,0.1,177,2,19,495,1035,1999,15,9,2,1,0,1,1
929,1889,0,2.8,0,5,1,31,1.0,132,1,10,170,1106,3672,5,1,3,1,1,1,3
930,1097,0,1.4,0,0,0,60,0.8,181,1,17,405,519,509,15,12,12,1,0,0,0
931,1146,0,3.0,0,5,1,57,0.4,111,5,10,73,583,291,19,9,11,1,1,1,0
932,1604,1,1.7,0,2,0,33,1.0,191,8,5,134,939,916,13,10,12,0,1,1,0
933,1487,0,1.5,0,5,1,42,0.8,120,2,7,857,989,2003,12,4,3,1,0,0,2
934,814,1,1.1,1,2,0,41,0.8,177,2,10,1092,1406,1944,16,6,12,1,0,0,1
935,1996,0,2.5,0,5,1,51,0.4,122,4,9,671,1445,2236,8,7,12,1,0,1,2
936,1138,0,1.1,0,5,1,48,0.6,109,3,14,233,1777,2048,6,0,18,1,1,1,2
937,1341,1,2.1,1,0,0,36,0.4,107,8,1,473,574,2200,18,14,15,0,1,0,1
938,623,1,0.9,0,1,1,3,0.1,102,8,7,1749,1781,3537,16,13,3,1,0,1,3
939,843,0,1.8,1,0,0,16,0.1,166,5,6,981,1096,3673,12,1,20,1,0,1,3
940,543,0,0.5,0,0,0,57,0.7,192,5,4,391,984,2413,17,14,15,1,0,0,1
941,1550,1,2.5,0,6,0,21,0.8,133,2,11,268,832,2338,16,1,15,0,1,0,2
942,1067,1,2.4,1,3,1,40,0.6,122,8,15,494,1989,604,16,14,11,1,0,0,0
943,1538,1,2.3,0,6,1,13,0.2,121,7,7,567,986,1494,18,10,12,1,1,1,1
944,1469,0,0.5,0,3,1,58,0.5,150,7,8,1699,1850,1571,17,16,2,1,0,0,2
945,1628,1,1.8,1,11,0,56,0.1,136,2,13,500,1713,3358,17,11,12,1,1,1,3
946,1254,0,1.7,0,0,1,45,0.4,146,3,3,1571,1956,606,7,2,2,1,1,1,1
947,626,1,2.8,1,3,1,11,0.8,109,2,9,737,1759,1077,6,1,4,1,0,1,0
948,1805,1,0.5,0,0,0,29,0.2,182,4,2,758,891,1276,19,4,17,0,1,0,1
949,1057,1,2.7,0,3,1,41,0.1,97,4,10,397,891,2033,16,9,2,1,1,0,1
950,589,1,2.3,1,1,0,61,0.6,160,4,10,429,815,2113,13,7,2,1,0,1,1
951,644,1,1.3,1,7,1,30,0.5,114,1,16,1140,1654,2382,9,0,19,1,0,1,2
952,709,0,2.4,1,1,0,11,0.1,130,5,11,119,1531,3568,16,14,3,0,0,1,3
953,843,1,0.5,0,1,1,56,0.1,147,5,17,140,800,2341,10,1,20,1,1,1,1
954,1056,1,2.1,1,8,1,37,0.7,101,3,11,914,979,2651,15,5,3,1,1,1,2
955,1220,1,2.8,0,1,0,54,0.7,109,7,20,383,1249,1037,6,4,15,1,0,0,0
956,911,1,2.2,1,1,1,28,0.5,182,2,2,157,763,2638,8,4,13,1,1,1,1
957,1733,1,2.8,0,3,1,36,1.0,119,6,20,357,527,3576,17,16,9,1,0,0,3
958,980,1,0.5,0,0,1,33,0.9,160,6,0,1008,1758,2268,7,5,4,1,1,0,2
959,1859,0,0.5,1,3,0,22,0.7,164,1,7,1004,1654,1067,17,1,10,1,0,0,1
960,645,0,0.5,0,1,0,41,1.0,197,7,10,327,580,2962,12,9,4,1,1,1,2
961,897,1,2.0,0,3,1,2,0.6,154,8,10,0,994,1958,7,5,7,1,1,0,1
962,1038,0,1.2,0,3,0,43,0.7,141,1,5,4,638,3709,11,0,12,1,1,1,3
963,1901,1,0.5,0,5,1,41,0.6,131,2,17,3,1662,368,5,1,12,1,0,0,0
964,1880,1,2.0,0,11,0,35,0.1,200,4,14,930,1983,1930,17,7,15,0,1,0,2
965,685,0,2.7,0,7,0,17,0.3,174,6,20,725,870,1223,8,0,18,1,0,1,0
966,1129,1,0.8,1,9,1,21,0.6,116,2,10,1128,1702,1400,11,0,13,1,1,0,1
967,914,1,0.5,0,0,1,26,0.7,147,4,0,706,721,1122,12,9,2,1,1,1,0
968,1433,1,2.3,0,2,1,5,0.1,129,5,11,420,784,2132,18,15,19,1,0,1,1
969,1657,1,2.4,0,3,0,42,0.1,198,5,16,1770,1796,2597,18,1,14,1,0,0,3
970,891,0,1.9,1,1,1,18,0.1,153,6,3,40,1435,1303,17,16,4,1,1,1,0
971,1166,0,2.0,0,3,1,25,0.8,198,5,4,59,1203,2488,13,5,15,1,0,0,2
972,842,1,1.8,1,4,0,57,1.0,124,3,10,348,730,1903,8,4,14,0,1,0,1
973,1547,1,2.9,0,2,0,57,0.4,114,1,3,347,957,1620,9,2,19,0,1,1,1
974,551,1,2.8,0,0,1,54,0.1,172,7,15,169,1916,1414,6,1,19,1,0,1,0
975,798,0,2.4,0,5,0,4,0.2,96,3,9,526,643,2965,15,7,14,1,1,0,2
976,1790,0,2.5,1,9,0,2,0.1,184,1,14,622,792,1366,7,0,20,1,1,1,1
977,1404,0,2.1,0,16,0,44,0.9,151,1,20,1703,1880,1196,10,6,5,0,0,1,1
978,615,1,2.5,0,0,0,10,0.8,131,6,9,1216,1786,2769,16,8,11,1,0,0,2
979,720,1,0.9,1,12,1,14,0.8,165,4,14,366,1234,1086,14,7,3,1,1,0,0
980,643,0,1.0,0,9,1,18,0.2,187,8,12,442,1079,2648,7,5,18,1,1,1,1
981,1320,0,0.5,1,7,0,48,0.2,168,5,16,103,1583,2893,8,5,9,0,0,1,2
982,1321,1,1.3,0,0,1,63,0.4,109,8,9,817,941,1464,7,6,16,1,1,1,1
983,864,0,1.6,1,0,1,53,0.3,88,6,1,262,1436,493,18,9,10,1,1,0,0
984,1035,0,0.6,1,2,1,44,0.5,99,3,3,236,1960,3506,14,5,12,1,1,0,3
985,516,1,0.7,1,1,0,30,0.9,138,1,12,126,698,3731,17,13,15,0,0,0,2
986,1454,1,0.5,1,1,0,34,0.7,83,4,3,250,1033,3419,7,5,5,1,1,0,3
987,1108,1,1.3,1,14,1,2,0.3,169,7,20,208,1742,1229,5,3,4,1,1,0,0
988,1871,0,2.1,0,4,1,41,0.4,144,8,5,275,1966,2727,15,8,11,1,0,0,3
989,1067,0,1.8,1,11,0,14,0.2,146,1,15,965,1009,966,5,0,13,0,0,1,0
990,1496,1,1.3,1,0,1,6,0.5,85,3,9,549,1383,3571,16,1,11,1,1,1,3
991,713,0,1.4,1,4,0,53,0.8,98,1,17,123,1477,1462,19,18,13,1,0,1,0
992,1562,1,1.3,1,1,1,7,0.2,190,5,15,642,1533,2243,12,10,6,1,0,0,2
993,1969,0,1.2,1,9,0,63,0.2,132,4,11,390,756,298,10,1,10,1,1,0,0
994,1567,0,0.5,1,3,0,22,0.5,119,6,6,545,1621,2312,9,1,18,1,0,0,2
995,673,1,1.7,1,3,1,22,0.1,88,1,5,594,1088,2050,7,2,17,1,1,0,1
996,718,0,0.7,1,0,1,21,0.8,88,1,7,518,830,1754,17,11,9,1,0,1,1
997,1450,1,2.7,1,9,0,19,0.6,131,1,17,707,1882,575,15,9,12,0,0,0,0
998,1864,0,1.4,0,8,1,46,0.7,178,1,12,168,981,2686,11,7,18,1,1,1,2
999,1413,0,0.5,1,4,1,39,0.1,185,5,12,1039,1318,3878,19,16,4,1,0,0,3
1000,555,1,3.0,1,5,1,38,0.8,193,2,10,214,1970,1686,8,1,8,1,0,1,1
1001,1481,1,2.0,1,0,0,35,0.5,105,3,0,249,522,2635,17,16,4,1,0,1,2
1002,1084,1,2.6,0,3,1,40,0.9,107,3,11,322,771,1945,15,4,10,1,1,0,1
1003,769,1,1.2,0,2,0,17,0.1,95,8,4,1384,1454,1877,18,2,11,0,0,1,1
1004,802,1,2.4,1,1,0,45,0.8,157,3,9,1299,1633,3713,8,3,8,0,0,0,3
1005,633,1,2.2,0,0,1,49,0.1,139,8,1,529,1009,3560,11,1,16,1,1,1,2
1006,764,1,1.2,1,1,0,13,1.0,152,8,2,361,511,3148,18,7,6,1,1,0,2
1007,1911,1,2.0,0,7,1,64,0.6,163,8,8,1795,1958,3872,9,8,11,1,1,0,3
1008,1375,1,1.1,0,3,1,9,0.9,145,7,19,475,726,3869,19,18,10,1,1,1,3
1009,1559,1,1.6,1,6,1,6,0.5,162,6,17,179,1559,3352,9,1,3,1,1,1,3
1010,1350,1,0.5,1,0,1,50,0.8,181,8,4,369,544,2287,15,1,8,1,1,0,1
1011,767,0,1.9,0,16,1,19,0.2,185,6,17,271,1000,2445,6,1,6,1,1,1,1
1012,618,0,2.1,0,2,0,6,0.3,86,1,4,1314,1688,1051,13,10,15,0,0,1,0
1013,1413,1,1.7,0,2,0,10,0.2,200,6,6,314,1606,2867,5,4,15,0,1,0,2
1014,1387,0,0.5,0,0,1,61,0.5,98,3,0,785,1151,629,5,3,11,1,1,0,0
1015,1119,0,0.5,1,0,1,23,0.4,164,4,1,821,915,3520,7,4,7,1,0,0,3
1016,1371,0,0.5,0,4,0,52,0.5,167,4,19,471,663,3034,13,6,8,0,0,0,2
1017,1731,1,2.3,1,18,0,60,0.5,171,4,20,142,1039,1220,9,3,20,0,1,0,1
1018,1068,0,1.3,0,6,1,52,0.1,97,8,7,994,1500,1436,16,1,15,1,0,0,1
1019,1949,1,0.5,1,2,1,31,0.1,145,5,9,837,1182,832,7,3,19,1,0,0,1
1020,1808,1,0.5,1,1,0,31,0.5,92,2,16,714,1208,2736,9,1,8,0,0,1,3
1021,729,1,2.0,0,0,0,14,0.6,135,6,2,563,1055,3397,19,15,17,1,0,1,2
1022,1426,1,0.8,0,2,1,42,0.6,84,3,10,715,1163,1356,15,9,16,1,0,1,1
1023,1232,0,1.2,0,12,0,30,0.9,131,6,14,625,761,1656,8,4,15,1,1,1,1
1024,1966,1,1.4,1,2,0,40,0.9,185,8,18,1197,1987,1185,11,2,20,0,1,0,2
1025,1158,0,0.7,1,1,1,29,0.7,123,2,20,311,1796,1542,17,9,15,1,0,1,1
1026,1549,1,1.8,1,0,0,62,0.7,91,4,4,167,990,799,7,3,9,1,0,1,0
1027,1286,1,2.3,0,10,1,16,0.1,98,2,18,18,662,424,10,5,4,1,1,0,0
1028,834,0,0.5,0,2,1,27,0.2,123,1,16,1421,1463,1591,11,9,20,1,1,0,1
1029,1436,0,2.5,1,0,1,42,0.9,124,8,1,1826,1836,2736,12,5,19,1,1,0,3
1030,1702,0,1.0,0,7,0,36,0.1,177,5,9,1240,1931,1430,8,6,10,0,0,0,2
1031,1166,0,1.5,1,0,1,43,0.8,80,4,1,205,603,3993,7,1,7,1,1,0,3
1032,1753,0,0.7,0,4,0,40,0.6,191,4,11,1652,1983,1112,8,2,15,1,1,1,1
1033,854,0,1.0,0,5,1,17,0.9,101,4,9,730,1148,3115,7,0,2,1,0,0,2
1034,659,0,2.2,0,0,1,24,0.7,151,8,2,924,1877,3925,8,1,10,1,1,1,3
1035,1698,0,2.5,0,10,1,26,0.4,105,2,18,485,1819,1656,5,3,17,1,0,1,2
1036,1944,1,1.8,1,0,1,31,0.8,87,4,10,1111,1362,2560,7,3,8,1,0,0,3
1037,1034,0,2.6,1,2,1,45,0.3,190,3,4,182,1293,969,15,1,7,1,0,0,0
1038,1760,0,1.4,1,5,0,63,0.8,127,8,19,1382,1383,2053,19,12,16,0,1,0,2
1039,1369,1,1.8,1,6,0,34,0.5,162,1,7,553,727,3856,18,4,18,0,1,1,3
1040,1623,1,1.2,0,6,1,61,0.9,120,7,12,1568,1832,1510,12,10,17,1,1,0,2
1041,574,1,3.0,0,1,1,30,0.9,126,2,3,94,1334,1167,5,3,19,1,0,0,0
1042,536,0,2.4,1,12,1,3,0.3,182,7,14,1386,1539,284,12,9,4,1,1,0,0
1043,1083,1,2.9,1,1,1,64,0.8,178,3,11,1025,1118,3210,13,3,4,1,0,0,3
1044,1837,0,0.5,0,9,0,36,0.9,162,4,20,786,872,770,14,1,15,0,0,1,0
1045,858,0,2.2,0,1,0,50,0.1,84,1,2,528,1416,3978,17,16,3,1,1,0,3
1046,686,1,0.5,0,11,0,3,0.3,91,6,15,1109,1392,570,7,6,19,0,1,0,0
1047,1681,1,2.5,1,6,0,18,0.3,167,1,7,850,1005,2265,5,3,20,1,1,1,2
1048,1991,0,2.2,1,1,1,42,0.7,82,1,13,366,613,722,6,5,10,1,1,0,0
1049,1848,1,1.4,1,2,1,42,0.7,179,2,10,154,605,3902,11,9,3,1,0,1,3
1050,775,1,2.5,1,1,1,10,0.1,185,7,14,444,1555,1719,19,3,18,1,1,1,1
1051,894,0,0.5,1,1,1,50,0.5,199,3,14,1285,1462,3615,13,0,6,1,0,1,3
1052,1314,1,2.8,1,13,1,5,1.0,87,4,18,82,512,3411,17,16,18,1,0,0,3
1053,1269,1,2.8,1,16,0,41,1.0,180,8,17,406,1036,2341,10,9,16,0,0,1,2
1054,787,1,0.5,0,15,0,11,0.6,93,1,16,806,1423,2934,8,6,14,1,0,1,2
1055,1697,0,0.5,0,0,1,60,0.1,90,4,0,88,1046,441,15,1,11,1,1,0,0
1056,748,0,1.4,0,0,0,25,1.0,110,7,14,88,709,1974,17,5,13,0,1,1,1
1057,1063,0,1.5,0,7,0,3,0.9,155,4,10,394,849,1919,12,10,20,1,1,0,1
1058,1190,1,2.2,1,9,0,47,0.3,186,6,10,1417,1441,624,9,3,19,1,1,1,0
1059,1872,1,1.9,0,5,0,35,0.6,111,3,14,1546,1879,2419,15,5,19,0,0,0,3
1060,584,1,1.7,1,1,1,19,0.4,199,4,4,919,1343,3996,12,9,17,1,1,1,3
1061,1725,1,1.6,1,6,1,6,0.5,119,2,18,609,1307,3429,6,5,4,1,1,0,3
1062,578,1,2.6,1,2,1,57,0.2,162,8,8,1025,1433,1270,15,3,5,1,0,1,0
1063,1882,0,2.0,0,11,1,44,0.8,113,8,19,4,743,3579,19,8,20,1,1,0,3
1064,972,1,1.3,0,8,0,44,0.7,82,7,10,297,589,3925,7,6,7,0,1,0,3
1065,1896,0,0.5,1,8,1,7,0.4,141,2,13,447,794,3684,9,7,18,1,0,0,3
1066,1230,1,2.2,1,6,0,26,0.8,123,5,7,416,676,988,11,5,9,0,1,1,0
1067,1567,0,2.1,1,3,0,22,0.8,153,3,19,190,1326,3991,15,2,10,1,0,0,3
1068,1766,1,1.3,0,1,0,29,0.5,194,8,20,439,1306,2316,19,2,6,0,0,1,2
1069,1154,0,1.1,1,2,1,5,0.2,98,1,13,539,1240,1470,12,0,12,1,0,0,1
1070,1476,0,0.5,0,0,1,43,0.7,148,2,2,1789,1972,3644,15,10,6,1,0,1,3
1071,894,0,0.9,0,5,1,54,0.2,130,3,15,104,541,2829,11,5,13,1,0,1,2
1072,1579,1,0.5,1,0,0,5,0.2,88,7,9,1358,1739,3532,17,11,12,0,0,1,3
1073,1799,1,0.5,0,0,0,49,0.4,107,4,2,632,1383,720,12,2,11,1,1,1,0
1074,1362,1,2.9,0,0,0,47,0.5,186,6,4,600,1042,3629,19,17,5,0,1,1,3
1075,511,1,3.0,1,5,1,34,0.9,125,8,13,149,1285,3265,14,7,14,1,0,0,2
1076,1924,0,0.5,0,3,1,63,0.3,111,2,10,122,686,3423,13,3,19,1,0,0,3
1077,1426,0,1.6,0,4,1,12,0.7,174,5,16,1573,1694,1277,14,9,5,1,0,0,1
1078,687,1,1.3,0,9,1,50,0.6,151,4,20,584,1151,3416,14,6,8,1,1,0,3
1079,967,1,1.6,0,4,0,25,0.6,92,8,9,243,1642,3076,7,4,18,0,1,1,2
1080,1464,1,0.5,1,11,0,12,0.9,117,2,14,854,1168,3927,5,3,15,0,1,1,3
1081,973,1,1.5,0,5,1,57,0.2,190,7,16,457,1816,2977,6,4,2,1,0,0,2
1082,1632,1,1.4,0,0,0,41,0.1,132,4,1,706,1623,2614,5,4,15,1,0,0,2
1083,920,1,0.5,0,2,0,46,0.8,149,3,3,1058,1421,2608,6,0,2,0,0,1,2
1084,609,0,0.5,0,3,0,26,0.3,93,4,4,938,1948,1866,11,10,14,1,1,1,1
1085,1989,0,2.5,1,0,1,41,0.8,94,3,13,1100,1497,1665,17,9,12,1,1,1,2
1086,1949,0,1.8,0,0,0,20,0.8,186,5,4,518,592,1125,17,10,9,0,0,0,1
1087,1488,0,0.5,0,1,0,39,0.8,112,5,6,1528,1647,3054,14,10,19,0,0,0,3
1088,1066,0,3.0,1,6,1,5,0.5,167,5,7,53,1504,1044,8,7,11,1,0,0,0
1089,704,1,2.7,0,8,1,29,0.2,80,1,10,1108,1509,1122,9,3,10,1,1,1,0
1090,1949,0,1.3,1,0,0,23,0.1,101,5,1,839,1136,2478,14,8,20,1,0,0,3
1091,1868,0,2.0,1,0,1,42,0.2,169,1,4,347,660,3131,8,3,7,1,1,1,3
1092,832,0,0.7,1,2,1,39,0.7,103,4,3,125,1504,1799,5,2,11,1,0,1,1
1093,946,1,1.4,0,9,0,26,0.1,186,6,10,273,891,1637,7,3,6,1,0,1,0
1094,1801,0,0.5,1,6,0,52,0.9,120,6,10,100,1708,258,14,8,9,1,0,0,0
1095,1772,1,0.5,1,3,0,64,0.7,116,8,15,270,545,1834,5,2,20,0,1,1,1
1096,1898,0,1.8,1,3,1,56,0.2,185,7,4,444,739,2114,10,5,19,1,1,1,2
1097,1602,0,2.7,0,4,1,46,0.6,118,1,5,273,1062,1862,16,9,2,1,0,1,1
1098,1722,0,2.6,0,8,0,18,0.8,177,2,16,865,1741,3271,14,0,15,1,0,1,3
1099,994,0,1.2,1,4,0,40,0.9,164,2,17,296,839,3104,17,7,11,0,0,0,2
1100,807,0,0.5,0,9,0,8,0.3,158,5,20,667,697,1284,17,13,2,0,1,1,0
1101,688,1,2.5,0,9,0,40,0.2,109,5,20,376,1957,1382,12,7,8,0,1,0,1
1102,1884,0,2.1,1,7,1,43,0.8,185,1,18,451,819,3619,14,8,7,1,1,1,3
1103,1092,0,2.7,1,8,0,45,0.8,185,1,10,1404,1424,1303,12,3,20,0,1,1,1
1104,957,1,0.7,0,0,1,4,0.1,160,2,0,38,1682,1898,12,4,3,1,1,0,1
1105,1379,1,2.1,1,14,1,63,1.0,83,1,17,207,1370,651,9,6,7,1,1,0,0
1106,1853,1,1.0,0,2,0,23,0.4,92,1,15,202,1951,2775,14,4,17,1,0,0,3
1107,502,0,0.8,0,7,0,52,1.0,82,6,8,281,1159,2666,5,4,20,1,1,0,2
1108,1727,0,2.1,0,2,1,63,0.6,85,7,8,1463,1992,2457,19,13,7,1,0,1,3
1109,1829,0,1.7,0,0,0,36,0.8,112,5,1,291,563,1475,11,4,7,0,0,0,1
1110,1849,1,0.5,0,1,0,29,0.5,181,7,12,978,1986,3330,14,4,15,1,0,1,3
1111,1851,1,1.9,1,3,1,12,0.9,198,6,11,293,1967,735,7,6,14,1,0,1,0
1112,833,1,2.2,0,4,0,27,0.9,124,1,6,359,1395,2150,9,5,7,0,1,1,1
1113,662,0,0.5,0,5,0,20,0.8,138,1,10,1001,1224,2125,17,15,15,0,1,1,1
1114,1342,0,1.0,0,0,1,31,0.6,86,7,1,991,1638,2746,15,5,10,1,1,0,3
1115,680,1,2.1,1,9,1,9,0.1,131,3,11,1428,1500,2438,14,2,17,1,0,0,2
1116,818,0,1.3,0,14,0,43,0.9,177,6,15,111,510,546,12,6,7,1,1,1,0
1117,1234,1,1.6,1,1,0,33,0.6,172,1,3,166,778,1449,11,7,6,0,0,1,0
1118,1322,0,1.7,1,6,0,7,0.8,140,3,9,177,1990,1418,19,17,12,0,1,0,1
1119,930,0,2.1,1,0,0,54,0.9,80,1,13,1569,1763,1743,7,1,9,0,1,0,2
1120,689,0,2.9,1,3,1,7,0.8,147,2,6,487,722,1241,9,0,16,1,0,0,0
1121,964,0,2.0,0,0,1,22,0.7,86,8,0,225,1234,2577,17,16,5,1,1,0,2
1122,1703,1,0.5,0,5,1,23,0.2,92,6,7,134,521,793,7,3,17,1,1,0,0
1123,1066,0,0.6,0,2,1,7,0.9,114,7,18,1242,1571,468,19,13,6,1,1,0,0
1124,1156,0,0.5,0,6,0,61,0.1,89,7,9,1214,1262,1796,16,6,13,0,1,1,1
1125,1416,1,1.8,1,0,0,20,0.1,93,4,0,1175,1578,3872,10,2,7,0,0,1,3
1126,648,0,1.9,1,4,0,8,1.0,91,5,19,819,1997,2991,8,7,4,0,0,1,2
1127,823,0,1.0,1,9,1,18,0.2,182,5,16,1180,1350,3894,13,10,9,1,1,0,3
1128,628,1,1.8,0,5,0,60,0.2,87,6,6,1047,1534,1337,12,7,14,0,1,0,1
1129,935,1,0.5,1,3,1,58,0.1,155,5,12,639,1087,2473,10,4,9,1,0,1,2
1130,1253,0,0.7,0,0,1,34,0.9,113,4,10,161,647,3518,7,3,8,1,1,1,3
1131,659,0,0.5,1,7,1,5,0.3,169,8,10,659,730,2190,16,10,16,1,1,0,1
1132,1007,0,2.0,0,0,0,45,0.1,95,5,2,1186,1529,3648,9,0,16,0,0,0,3
1133,586,0,2.8,0,2,0,15,0.2,83,3,11,241,854,2592,12,8,3,0,0,0,1
1134,1671,0,0.5,1,13,0,5,0.9,179,8,18,398,1263,815,16,6,10,1,1,1,0
1135,1846,1,0.6,0,1,0,19,0.7,159,1,2,83,773,1333,15,6,11,0,1,1,1
1136,1053,1,0.8,1,7,1,45,0.3,103,1,12,594,1767,3086,17,6,5,1,1,1,3
1137,1957,0,0.9,1,11,0,31,0.6,181,3,16,396,1732,3801,12,0,7,1,0,1,3
1138,1175,0,0.6,0,10,0,25,0.1,145,2,12,137,1501,3153,9,4,12,1,0,0,2
1139,569,1,0.5,1,10,1,4,0.8,170,3,19,351,1159,2351,8,7,10,1,1,0,1
1140,665,1,0.7,0,0,1,31,0.1,185,5,2,496,1804,690,5,2,15,1,0,0,0
1141,972,1,1.7,0,0,1,54,0.7,107,3,4,681,1050,1900,16,8,19,1,0,1,1
1142,1583,1,1.6,0,5,1,42,0.8,118,3,10,275,862,3652,14,10,9,1,0,0,3
1143,672,1,0.5,1,0,0,54,0.9,95,4,11,578,1143,667,17,8,14,0,0,0,0
1144,1593,1,1.0,0,0,1,52,0.7,130,8,0,761,1336,1354,15,13,13,1,1,1,1
1145,1631,0,0.5,0,2,1,13,0.5,166,2,16,960,1735,2173,12,3,8,1,1,0,2
1146,1874,1,2.7,1,10,0,8,0.9,166,7,13,964,1233,1246,8,1,2,0,0,1,1
1147,1967,0,0.5,0,0,1,46,0.6,199,1,7,518,1374,1567,15,2,7,1,1,0,1
1148,742,1,2.3,0,0,0,21,0.7,104,8,1,875,925,331,11,8,7,1,0,0,0
1149,1561,0,0.5,1,10,1,4,0.5,134,2,13,885,1811,1783,13,12,10,1,1,0,2
1150,580,1,2.1,1,0,0,24,0.4,135,4,5,404,898,3565,12,11,8,1,0,1,2
1151,511,0,0.9,1,15,1,24,0.6,136,3,18,367,1264,2378,18,3,4,1,0,0,1
1152,1544,0,2.3,0,12,1,45,0.1,113,8,20,236,857,1300,8,7,18,1,1,0,1
1153,1982,0,1.1,0,12,0,24,0.1,129,7,16,764,1873,3511,16,14,15,1,1,1,3
1154,1779,1,2.6,1,2,0,5,0.8,90,1,3,1225,1717,1246,12,2,20,0,1,0,1
1155,1263,1,1.4,1,1,1,32,0.4,103,2,2,409,644,3372,18,13,10,1,1,0,3
1156,1065,0,2.8,1,0,1,21,0.1,158,5,3,760,1722,1193,16,13,20,1,0,1,1
1157,1871,1,2.0,0,7,1,20,0.1,81,7,14,88,1682,2144,13,12,12,1,1,1,2
1158,1229,0,0.5,1,15,0,14,0.8,191,2,16,120,1878,1667,17,6,17,0,0,1,1
1159,1977,1,2.0,1,7,1,54,1.0,171,7,18,1226,1242,1971,18,7,14,1,1,0,2
1160,1987,1,1.9,0,0,0,50,0.7,119,8,18,960,1925,857,12,4,6,1,1,0,1
1161,1142,1,1.2,0,0,0,2,0.6,114,6,0,623,769,1747,7,0,14,0,1,0,1
1162,1299,1,2.8,1,0,0,64,0.5,83,6,6,46,908,1938,19,8,5,1,0,1,1
1163,633,1,1.4,0,0,1,46,0.7,102,6,10,709,1915,1401,19,14,11,1,1,0,1
1164,1504,0,2.3,1,1,0,64,0.9,182,1,2,19,1923,3059,6,5,10,0,1,0,3
1165,1008,0,0.8,0,11,0,61,1.0,114,3,15,1077,1122,2009,10,3,11,1,0,0,1
1166,1658,1,1.4,0,0,1,39,0.7,182,1,5,410,522,3483,10,1,15,1,0,1,3
1167,682,1,0.5,0,4,0,19,1.0,121,4,11,902,1064,2337,11,1,18,0,1,1,1
1168,1646,1,2.3,0,8,1,41,0.2,185,2,10,1725,1932,3339,18,10,19,1,1,0,3
1169,1407,1,2.4,0,1,1,22,0.7,104,4,4,1172,1217,2192,9,7,13,1,0,1,2
1170,963,0,0.5,0,1,1,60,0.8,156,3,3,742,821,2722,12,6,16,1,0,0,2
1171,516,0,1.1,1,0,1,39,0.4,91,5,7,855,1401,819,8,0,10,1,1,1,0
1172,625,1,1.2,1,5,1,10,0.2,183,4,8,635,842,3323,9,1,7,1,1,1,2
1173,914,1,0.7,0,1,1,60,0.9,198,5,4,740,840,3736,14,8,5,1,0,0,3
1174,1663,1,0.5,0,0,0,40,0.6,147,4,15,951,1545,1336,8,5,15,1,0,0,1
1175,1845,1,0.5,1,10,0,61,0.3,96,1,12,292,695,1731,9,5,6,0,0,0,1
1176,1355,0,2.3,0,10,1,23,0.2,132,5,16,651,891,880,19,4,8,1,1,0,0
1177,1720,0,1.6,0,18,1,2,0.8,188,5,20,334,896,2522,10,5,2,1,0,1,2
1178,1373,1,1.9,1,1,1,29,0.9,141,6,12,1220,1348,2752,15,2,7,1,1,1,3
1179,675,0,2.4,0,1,0,42,0.6,187,7,2,482,874,2953,9,5,13,1,1,0,2
1180,1678,1,2.3,1,11,0,7,0.5,192,1,14,418,1763,574,5,3,19,1,0,0,0
1181,1217,1,0.5,0,3,0,17,0.5,182,4,13,628,632,1711,7,3,9,1,0,1,1
1182,706,0,0.5,0,13,1,31,0.1,108,3,19,543,938,2419,8,7,4,1,0,1,1
1183,867,1,1.5,0,0,1,57,0.1,159,4,0,289,724,2157,8,6,18,1,0,0,1
1184,1361,1,1.4,0,1,0,47,1.0,169,5,2,881,1382,2495,8,7,16,0,0,1,2
1185,504,1,1.0,0,8,0,14,0.5,189,7,9,881,1129,1607,15,0,10,1,1,1,0
1186,1097,0,2.1,1,6,0,64,0.2,161,3,8,419,1914,1725,14,5,9,1,0,1,1
1187,1589,0,2.6,0,9,0,46,0.4,84,3,16,618,940,2373,11,9,20,1,1,0,2
1188,840,0,0.9,1,6,0,33,0.7,150,6,7,1482,1591,2072,10,8,19,0,1,0,2
1189,1806,1,2.0,1,2,1,54,0.1,117,1,11,347,727,3142,13,0,6,1,0,1,3
1190,1481,1,0.7,1,4,1,37,0.6,96,5,13,116,1533,2945,10,5,16,1,1,1,2
1191,1413,1,0.5,1,4,1,45,0.4,104,5,6,1949,1994,2973,17,8,15,1,0,1,3
1192,519,1,1.6,1,7,1,51,0.3,132,4,19,550,645,3763,16,1,4,1,0,1,3
1193,1874,1,0.6,0,1,0,19,0.8,192,2,9,1238,1418,1218,15,10,17,0,1,0,1
1194,1406,0,0.5,1,2,1,34,0.8,98,3,5,1017,1366,3915,9,8,2,1,0,1,3
1195,1616,1,2.3,1,3,0,52,0.1,100,5,8,151,1133,657,7,3,2,1,1,0,0
1196,642,0,2.8,0,3,0,34,0.8,197,2,15,331,1011,3355,12,5,13,0,0,0,2
1197,909,1,0.7,1,7,0,47,0.1,146,3,9,410,1643,1244,14,10,16,0,1,0,0
1198,1528,1,1.8,1,3,1,55,0.8,129,5,6,454,1762,1282,11,9,11,1,1,1,1
1199,743,0,0.5,1,0,1,33,0.3,95,2,1,1587,1659,316,19,10,4,1,0,0,0
1200,1288,0,0.5,1,3,1,61,0.2,115,6,6,988,1503,1882,16,6,10,1,0,1,2
1201,1727,1,2.1,1,10,0,57,0.3,158,6,18,376,1288,512,5,2,6,0,0,0,0
1202,1182,0,0.5,0,7,1,8,0.5,138,8,16,275,986,2563,19,17,19,1,0,0,2
1203,1494,0,1.6,0,3,1,45,0.8,158,5,4,449,790,3208,11,9,4,1,0,0,3
1204,825,0,0.5,1,0,1,23,0.1,86,2,0,206,1917,3278,8,6,2,1,0,1,3
1205,987,0,2.0,1,1,0,20,0.8,192,7,3,412,565,1454,11,3,8,1,1,0,0
1206,1447,1,2.5,1,2,0,9,0.2,155,8,16,737,1455,568,12,11,8,0,0,0,0
1207,1514,0,2.9,0,0,0,27,0.2,118,3,1,186,1810,1152,8,3,20,0,1,1,1
1208,1168,0,1.3,0,9,0,61,0.1,90,8,10,159,1578,3173,9,4,17,0,0,1,3
1209,728,0,1.7,1,0,1,5,0.6,101,2,20,584,775,834,16,0,5,1,1,0,0
1210,1109,1,2.7,1,1,0,39,0.4,98,1,9,1391,1787,1524,15,10,7,1,1,1,1
1211,601,1,1.4,0,4,1,4,0.1,154,4,13,356,765,532,12,8,10,1,1,1,0
1212,1634,1,1.4,0,1,1,17,0.2,200,2,5,964,1677,3031,11,6,6,1,1,1,3
1213,1161,0,1.3,1,0,1,21,0.6,126,8,12,308,1169,3336,6,4,14,1,0,1,3
1214,1825,0,1.1,1,13,1,17,0.1,157,4,18,1621,1773,3130,12,4,2,1,0,1,3
1215,1178,1,1.3,0,0,0,49,0.6,101,5,0,579,596,2511,6,3,17,0,0,0,2
1216,648,1,0.5,1,9,1,54,0.4,109,5,20,1153,1817,3124,5,0,13,1,0,0,3
1217,1231,0,1.2,1,5,0,54,0.8,185,3,10,632,1184,1762,5,3,6,1,1,0,1
1218,1010,1,2.0,1,2,1,8,0.9,139,5,3,547,957,2625,15,11,12,1,1,0,2
1219,972,1,2.7,1,1,0,5,1.0,126,4,2,687,816,3035,12,7,19,1,0,1,2
1220,602,0,0.9,0,9,0,50,0.9,141,8,18,1571,1717,2189,7,5,16,0,1,0,2
1221,1914,0,0.7,0,1,0,35,0.6,118,8,2,942,1701,643,17,1,8,1,0,1,1
1222,977,1,1.1,1,2,0,57,0.6,181,6,7,63,566,1206,7,1,8,0,1,1,0
1223,1989,1,2.9,1,8,0,17,0.1,193,8,15,629,682,2369,7,0,18,1,1,0,2
1224,1189,1,1.9,0,5,0,7,0.5,164,2,20,79,615,841,13,10,11,0,1,0,0
1225,508,0,0.8,0,7,1,42,0.3,94,1,8,39,557,663,13,12,7,1,0,0,0
1226,576,0,1.2,0,1,0,30,0.8,162,8,5,847,893,2800,11,6,16,0,1,1,2
1227,1827,0,1.7,0,4,1,39,0.5,128,5,16,55,1020,2844,14,9,10,1,1,0,2
1228,1762,0,0.7,0,7,0,60,0.1,157,4,10,643,790,1380,14,5,14,1,0,0,1
1229,1604,0,1.2,0,1,0,6,0.5,191,6,15,68,1042,3564,7,2,2,1,1,0,3
1230,1569,0,0.8,1,8,0,59,0.9,111,3,16,1261,1383,3672,15,2,15,1,0,1,3
1231,1620,1,2.2,1,0,1,30,0.2,185,3,3,832,1033,606,6,0,18,1,0,0,0
1232,1448,1,0.5,1,6,1,45,0.8,138,7,11,570,1724,3378,13,11,2,1,1,1,3
1233,696,1,2.4,0,11,1,35,0.2,103,3,13,533,797,2022,14,11,4,1,0,1,1
1234,1090,0,1.3,1,5,0,27,0.1,91,4,16,1638,1910,1352,5,1,11,0,1,0,1
1235,672,1,0.6,1,13,0,61,0.1,194,5,20,724,1127,1457,14,10,20,1,0,1,0
1236,1811,1,2.0,0,3,1,22,0.2,82,2,8,358,614,2847,9,2,4,1,0,1,2
1237,1086,0,2.7,0,0,1,24,0.1,135,8,19,1874,1976,3930,17,1,18,1,1,1,3
1238,612,1,0.7,0,6,0,35,0.6,181,5,12,1294,1337,3169,14,9,6,0,0,0,2
1239,955,1,0.5,0,2,0,2,0.6,155,4,10,428,1254,1974,14,1,18,1,1,0,1
1240,583,1,0.9,1,1,0,51,0.9,88,8,2,1658,1794,1799,16,9,7,0,1,0,1
1241,544,1,0.5,1,2,1,7,0.2,129,5,15,227,610,1675,13,4,17,1,1,0,0
1242,894,0,0.7,0,2,1,58,0.1,123,2,3,158,747,3305,12,7,2,1,0,0,2
1243,1007,1,2.9,1,5,1,21,0.8,185,8,12,479,831,1301,8,6,12,1,1,0,0
1244,504,1,2.8,1,2,0,54,0.4,163,2,10,1207,1539,2378,17,11,2,1,0,0,2
1245,798,1,0.5,1,7,0,2,0.8,148,2,15,497,627,3593,14,9,3,0,1,0,2
1246,1979,1,2.9,1,0,1,19,1.0,176,3,9,1331,1532,411,8,2,2,1,1,1,0
1247,1231,0,0.7,1,2,0,7,0.9,113,1,7,43,1663,3119,9,4,15,1,1,0,3
1248,1113,0,0.6,1,0,0,25,0.3,145,1,10,1047,1312,277,11,2,12,1,0,1,0
1249,643,1,0.7,1,3,1,23,0.8,156,1,9,314,1400,2096,13,6,2,1,0,0,1
1250,664,0,1.5,0,5,1,6,0.9,164,2,19,1076,1472,3774,11,5,18,1,0,0,3
1251,1872,1,0.5,1,14,0,49,0.2,139,7,18,81,1389,3153,16,15,5,1,1,0,3
1252,877,0,1.5,1,0,1,17,0.1,195,7,0,1064,1985,2004,11,8,9,1,1,1,1
1253,1713,1,2.0,0,9,1,5,0.7,199,6,16,108,1963,1513,15,6,2,1,0,1,1
1254,880,0,1.7,0,2,0,6,0.6,198,4,19,632,660,3006,6,4,3,1,0,0,2
1255,1524,0,2.6,1,5,0,57,0.5,124,2,12,629,635,947,11,4,16,0,1,1,0
1256,1928,0,2.6,0,5,0,5,0.8,162,5,16,229,1004,696,14,12,15,1,1,1,0
1257,638,0,1.7,1,11,0,27,0.5,102,4,17,1171,1383,2735,7,2,9,1,1,0,2
1258,1671,0,0.6,1,7,1,61,0.1,129,2,11,263,848,2336,10,4,7,1,0,0,2
1259,668,0,0.5,1,0,0,3,0.1,155,5,13,666,1203,2746,9,5,8,1,1,1,2
1260,1266,0,1.9,1,0,1,7,0.2,184,3,12,346,1468,2532,10,5,4,1,1,1,2
1261,1045,1,1.2,1,3,1,40,0.1,175,6,7,1078,1564,2137,11,8,12,1,0,1,2
1262,772,0,1.0,1,0,1,23,0.6,97,7,11,317,1805,2782,7,0,17,1,0,0,2
1263,909,1,1.4,0,0,0,53,0.3,82,8,0,635,973,3187,12,9,4,1,0,0,2
1264,1251,0,0.5,1,10,1,29,0.7,133,6,16,308,591,1052,11,9,11,1,0,0,0
1265,1811,1,0.5,1,0,0,32,1.0,115,6,0,204,1132,348,17,11,18,1,0,1,0
1266,667,0,1.3,1,4,1,6,0.1,149,6,10,272,870,3566,9,5,12,1,0,1,2
1267,1164,1,2.6,1,0,0,61,0.3,88,1,6,1107,1656,3859,11,10,17,0,1,0,3
1268,1122,0,0.5,0,0,1,40,0.3,156,7,14,675,1163,1456,9,3,20,1,1,0,1
1269,1073,1,0.5,1,0,0,51,0.5,145,7,0,690,804,2908,6,0,18,0,1,0,2
1270,1664,1,2.9,1,9,1,15,0.5,177,7,19,1178,1929,1968,12,7,9,1,0,0,2
1271,1802,0,2.7,1,0,1,10,0.6,101,7,9,253,590,696,14,7,3,1,1,0,0
1272,803,0,0.8,1,0,0,18,0.3,106,4,1,627,935,2801,18,15,12,0,1,0,2
1273,1677,0,1.8,1,4,0,11,0.7,124,6,8,271,1477,3771,15,6,12,1,0,0,3
1274,721,1,2.7,1,1,1,15,0.2,102,5,18,655,1255,3606,10,0,5,1,1,1,3
1275,1788,1,0.5,1,15,1,2,0.3,150,6,20,472,1073,2655,12,2,4,1,0,1,2
1276,525,1,0.5,1,5,0,51,0.5,137,8,11,262,1587,1891,18,3,12,0,1,0,1
1277,1266,0,0.5,0,0,1,5,0.1,95,6,9,1365,1698,1687,11,0,18,1,0,0,2
1278,715,0,2.3,1,4,0,48,0.1,160,4,6,21,562,3709,14,2,10,0,0,0,2
1279,1219,0,1.6,1,5,0,4,0.3,169,6,7,1419,1698,1998,9,2,4,0,0,0,2
1280,731,1,0.5,1,0,1,28,0.5,130,8,0,424,1032,1774,12,8,10,1,0,0,1
1281,584,1,1.8,0,0,1,19,0.3,168,3,0,1123,1622,465,12,8,4,1,1,0,0
1282,1672,1,1.7,1,1,1,44,0.5,172,8,4,1250,1435,1348,11,6,7,1,1,1,1
1283,1836,1,2.1,1,0,1,30,0.2,184,7,15,276,1230,3072,7,3,5,1,1,0,3
1284,618,0,0.6,0,8,0,16,0.2,143,1,14,1105,1602,2262,16,15,4,0,1,0,2
1285,1028,1,2.8,0,1,1,30,0.1,193,1,10,1801,1923,1424,18,4,13,1,0,1,1
1286,815,0,2.0,1,4,0,51,0.3,85,6,12,982,1291,3469,5,4,6,1,0,1,3
1287,1132,0,1.0,0,0,0,8,0.1,157,1,4,1091,1293,1950,11,2,6,0,1,1,1
1288,1906,1,1.9,1,3,0,55,0.2,113,3,4,3,629,1871,13,5,4,1,0,1,1
1289,539,1,0.6,1,9,0,21,0.1,145,7,14,551,599,3597,14,5,9,0,0,0,2
1290,1590,0,1.9,1,3,1,21,1.0,160,5,18,920,963,1701,11,4,4,1,0,1,1
1291,1077,1,1.7,1,1,0,58,0.8,86,7,13,135,1892,3902,9,3,3,1,0,0,3
1292,1786,0,1.2,0,11,0,61,0.1,123,3,14,74,865,3033,14,11,17,0,1,0,3
1293,1483,0,2.1,0,1,1,54,0.2,176,7,2,531,758,1851,15,13,2,1,1,0,1
1294,1630,1,2.8,1,0,1,32,0.9,80,6,1,712,1726,1751,12,10,20,1,0,1,2
1295,1876,0,2.8,1,3,1,56,0.4,182,3,4,235,585,3021,12,2,18,1,0,0,2
1296,865,0,2.9,0,5,0,16,0.1,89,4,12,335,1009,3494,13,3,14,0,0,1,3
1297,1384,1,2.8,1,15,0,60,0.1,82,3,18,983,1210,1221,18,12,15,1,0,1,1
1298,853,1,2.0,0,10,1,3,0.6,200,2,16,674,740,3701,15,8,8,1,1,0,3
1299,634,1,0.8,0,5,0,41,0.2,192,1,12,1362,1853,3242,18,11,4,1,0,1,3
1300,1334,1,2.4,0,5,1,42,0.6,115,5,14,1187,1974,2542,10,1,8,1,0,0,3
1301,1986,0,0.5,0,7,0,51,0.4,95,3,9,342,774,3165,5,0,13,1,0,0,3
1302,1615,1,2.8,0,3,0,9,0.9,117,1,13,542,678,2948,8,3,3,1,1,0,2
1303,599,1,2.9,0,0,1,64,0.3,186,8,1,103,646,3396,5,3,7,1,0,0,2
1304,558,1,2.8,0,1,1,49,0.8,142,5,4,997,1605,392,10,5,8,1,1,1,0
1305,673,1,2.2,1,2,0,3,0.4,84,2,9,1109,1247,2719,19,2,9,1,1,1,2
1306,571,0,1.6,1,8,0,35,0.2,186,7,20,177,1282,2598,13,5,8,1,1,0,1
1307,1624,0,1.6,1,8,0,28,0.4,150,2,10,689,699,2473,16,11,2,1,0,0,2
1308,740,0,1.8,0,1,0,12,0.2,123,1,11,935,1147,1105,7,6,19,0,1,1,0
1309,689,0,1.4,0,2,0,45,0.5,103,5,11,256,823,3585,10,1,10,1,0,0,3
1310,553,0,2.4,1,1,1,8,0.5,121,7,3,325,902,1204,11,4,8,1,1,1,0
1311,1827,1,0.8,0,4,0,61,0.9,130,7,9,253,1764,2693,8,3,7,0,1,1,3
1312,1526,0,1.1,1,2,1,38,0.3,116,5,6,798,1418,3317,7,1,8,1,1,1,3
1313,1754,1,2.1,1,1,1,52,1.0,101,4,3,199,1452,3019,11,6,19,1,0,1,3
1314,851,0,2.3,1,7,1,54,1.0,101,2,9,788,1007,1005,12,2,14,1,0,1,0
1315,1986,1,0.5,1,7,1,39,0.1,89,7,19,251,599,3476,11,8,17,1,1,0,3
1316,1108,1,2.9,0,10,0,52,0.1,183,2,12,130,1706,3264,16,1,13,0,1,1,3
1317,1029,1,1.9,1,5,1,5,0.2,171,5,8,264,956,582,15,7,4,1,1,1,0
1318,560,1,2.0,1,6,1,57,0.3,81,3,12,80,1327,2167,11,10,7,1,0,1,1
1319,1507,1,0.9,1,0,1,42,0.4,123,5,0,682,888,1486,15,3,19,1,0,0,1
1320,757,0,2.3,1,5,1,58,0.2,163,4,7,535,697,3237,19,12,9,1,0,1,2
1321,1170,1,1.2,0,4,0,30,0.4,83,8,15,27,1722,1073,6,4,8,1,1,0,0
1322,1076,0,2.3,1,0,1,14,0.7,191,5,0,1088,1718,2355,17,16,2,1,1,1,2
1323,1204,1,2.6,0,0,0,10,0.3,199,7,3,480,1482,1724,11,2,19,1,0,0,1
1324,667,1,0.6,0,6,1,3,0.7,185,6,13,13,1463,2855,5,0,19,1,0,1,2
1325,1453,0,1.6,1,12,1,52,0.3,96,2,18,187,1311,2373,10,1,10,1,1,1,2
1326,1239,0,1.2,1,5,1,52,0.9,122,2,10,590,661,417,8,0,6,1,0,1,0
1327,1375,0,0.5,1,2,1,35,0.1,194,2,3,227,772,1947,15,13,15,1,1,1,1
1328,1602,1,2.8,1,4,1,38,0.7,114,3,20,466,788,1037,8,7,20,1,0,0,0
1329,1035,1,2.7,0,1,0,40,0.2,157,5,15,757,1912,3548,14,4,5,0,1,1,3
1330,1816,1,1.6,1,0,0,50,0.1,186,5,2,800,1089,3637,11,7,16,0,0,1,3
1331,770,1,1.5,1,6,0,61,0.2,196,4,9,603,1483,3473,7,3,4,0,0,1,3
1332,1054,1,1.8,1,3,1,40,0.8,196,7,10,27,774,2296,16,12,12,1,0,1,1
1333,1878,1,0.5,0,9,0,29,0.6,85,8,19,210,1026,1334,18,7,2,0,0,0,1
1334,774,1,2.8,0,7,1,55,0.9,124,3,18,8,896,3916,8,1,12,1,1,0,3
1335,616,0,1.9,1,13,1,44,0.8,81,3,17,651,1618,3366,18,8,13,1,1,0,3
1336,1748,0,1.7,1,6,1,14,0.5,146,3,7,859,1234,3968,16,12,3,1,0,1,3
1337,1852,0,1.4,0,4,1,10,0.7,196,1,18,580,1163,3970,13,1,11,1,0,1,3
1338,1883,1,2.7,1,6,1,30,0.5,95,2,10,531,791,3724,16,15,20,1,1,1,3
1339,841,0,0.5,0,6,1,11,0.3,81,5,14,125,675,957,6,5,11,1,1,0,0
1340,1625,1,0.5,1,2,1,50,0.1,107,8,17,8,1219,670,16,3,8,1,0,0,0
1341,1497,1,0.9,1,4,1,10,0.1,153,8,20,98,977,3696,9,0,3,1,0,1,3
1342,1126,0,0.7,0,3,0,49,0.9,165,8,17,114,1726,3739,14,1,13,1,0,0,3
1343,827,0,1.1,1,2,1,18,0.9,160,2,16,448,821,1663,14,0,17,1,1,1,0
1344,1862,0,1.5,0,1,0,62,1.0,182,1,2,386,1046,1017,11,3,9,1,0,0,1
1345,1448,0,0.5,1,18,0,2,0.2,100,5,19,846,1144,593,9,4,18,1,1,1,0
1346,881,0,1.0,0,1,0,64,0.5,160,3,6,115,636,2110,18,9,6,1,1,1,1
1347,1342,0,2.8,0,1,0,50,0.1,173,1,8,127,620,2644,7,2,11,0,1,1,2
1348,1830,1,1.0,0,7,1,47,0.3,117,1,11,1191,1882,3362,13,10,11,1,0,0,3
1349,1429,0,0.6,0,8,0,42,0.9,151,5,9,670,1552,1817,6,1,16,1,0,0,1
1350,614,0,1.7,1,0,1,58,0.2,128,7,2,22,519,3487,15,6,11,1,1,1,2
1351,1413,0,0.5,1,5,0,51,0.3,117,5,11,187,517,3383,16,5,2,0,0,0,3
1352,681,0,0.5,1,12,1,17,0.9,194,5,19,371,1702,2548,6,1,5,1,0,1,2
1353,1836,1,1.7,1,3,0,26,0.1,134,6,16,408,1139,3097,5,0,18,0,1,0,3
1354,973,0,0.5,1,5,0,53,0.5,196,5,7,105,588,1861,13,10,16,0,1,0,1
1355,1681,1,2.5,0,2,0,11,0.4,158,2,13,195,1205,1122,12,6,16,0,1,1,0
1356,1166,1,0.5,0,7,0,59,0.5,80,1,11,437,638,3887,8,6,7,1,0,1,3
1357,1076,1,2.6,0,3,1,38,0.7,119,6,8,129,915,891,18,3,9,1,1,0,0
1358,1656,1,1.6,1,0,0,16,1.0,117,7,2,320,899,2856,14,3,20,1,1,1,2
1359,1368,0,3.0,1,10,0,50,0.2,97,7,18,698,829,2496,13,6,5,0,1,1,2
1360,1689,1,2.4,1,0,1,13,0.9,168,2,9,521,674,1172,12,11,17,1,1,1,0
1361,621,1,2.7,1,0,0,54,0.1,151,4,20,434,910,2801,6,1,5,1,1,1,2
1362,1467,1,0.5,0,0,0,18,0.6,122,5,0,888,1099,3962,15,11,5,1,1,1,3
1363,1489,0,2.1,1,0,0,9,0.4,169,3,1,923,1759,1663,9,3,14,1,0,1,1
1364,1187,0,2.3,0,0,1,21,0.2,122,6,6,215,1125,2547,10,3,5,1,1,0,2
1365,1571,0,1.4,0,0,1,19,0.1,100,6,1,713,1398,666,12,10,13,1,1,0,0
1366,1872,1,0.9,1,0,0,16,0.5,80,2,2,286,1484,2295,15,11,16,0,0,1,2
1367,1492,1,1.5,0,5,0,11,0.9,85,3,7,1684,1746,2259,14,12,19,0,1,1,3
1368,1624,1,2.6,1,0,0,58,1.0,200,3,11,1530,1744,1251,13,4,18,0,1,1,1
1369,1933,0,2.8,1,1,0,16,0.5,154,3,9,229,1473,838,14,2,18,0,1,0,0
1370,1137,0,2.2,0,6,1,3,0.9,173,5,7,1250,1285,316,15,14,17,1,0,0,0
1371,1358,0,1.7,0,0,0,60,0.6,147,3,1,889,1635,440,14,10,13,1,0,0,0
1372,1887,1,3.0,1,6,1,17,0.2,126,8,7,1172,1798,3348,18,16,16,1,1,0,3
1373,1180,1,1.2,0,5,1,50,1.0,144,4,20,925,1252,1464,7,3,20,1,1,1,1
1374,1358,1,0.5,0,11,1,36,0.3,155,4,14,1565,1858,3068,9,4,4,1,1,0,3
1375,1765,0,1.1,0,3,0,11,0.7,87,2,7,835,1175,3695,6,5,18,1,0,0,3
1376,1588,0,0.5,0,0,1,61,0.8,159,1,13,1064,1594,3272,18,0,17,1,1,0,3
1377,765,1,2.5,0,3,0,44,0.3,88,8,11,1364,1851,2256,6,1,19,0,1,1,2
1378,1143,0,1.2,1,1,1,22,1.0,125,3,6,1116,1724,1214,12,5,16,1,1,0,1
1379,771,1,0.5,1,0,1,33,0.1,157,3,17,776,1247,920,16,2,10,1,1,1,0
1380,972,1,0.5,1,5,0,13,0.4,193,5,8,1392,1795,1615,11,6,13,0,1,0,1
1381,894,0,2.1,1,16,0,16,0.7,168,8,20,286,1300,3377,5,1,6,1,1,1,2
1382,1988,1,0.5,0,0,1,16,0.1,94,8,1,153,696,3144,16,2,14,1,0,0,3
1383,1367,0,2.9,0,4,0,56,0.8,176,2,6,36,642,299,6,2,10,0,1,0,0
1384,1735,1,1.9,1,0,1,59,0.7,148,6,0,137,846,3230,6,1,9,1,1,0,3
1385,1944,1,0.5,0,1,1,26,0.5,92,4,9,313,712,2322,19,8,7,1,0,1,2
1386,1018,1,0.7,1,7,0,63,0.1,155,5,18,856,883,3048,10,3,2,0,0,1,2
1387,708,1,2.7,1,0,1,63,1.0,195,8,7,78,654,2169,6,5,7,1,1,1,1
1388,1454,1,1.6,0,6,1,21,0.2,160,4,10,186,1100,719,14,10,10,1,1,1,0
1389,1352,0,2.4,0,5,1,6,0.9,92,6,9,629,1299,1309,12,1,14,1,0,0,1
1390,623,0,2.0,0,2,0,6,0.1,127,3,4,144,672,3657,17,3,19,1,1,0,2
1391,709,0,1.9,0,11,1,13,0.1,81,8,15,570,1422,467,17,11,5,1,1,1,0
1392,808,0,0.5,1,0,0,8,0.1,192,4,1,618,1891,3762,15,9,12,1,0,1,3
1393,1751,0,0.5,1,6,0,8,0.6,178,6,20,170,564,2969,8,6,17,0,0,1,2
1394,657,1,1.9,1,2,0,21,0.1,110,8,8,705,1905,783,6,1,11,1,1,0,0
1395,1330,0,0.5,0,0,0,38,1.0,183,7,1,1290,1441,1733,9,0,11,1,0,1,1
1396,1100,1,1.6,0,12,0,15,0.1,112,8,14,919,1344,757,12,2,16,1,1,1,0
1397,1358,0,2.5,1,0,0,20,0.6,135,7,0,1485,1655,3406,5,1,11,0,0,1,3
1398,1034,1,2.7,1,6,0,37,0.7,120,7,20,707,1199,3625,17,1,12,0,1,1,3
1399,703,1,2.7,0,12,1,30,0.3,113,1,20,218,1065,1472,14,7,7,1,0,0,0
1400,1064,0,2.9,1,1,1,34,0.2,184,6,13,1175,1569,654,16,13,6,1,0,0,0
